dataset,mean_fit_time,std_fit_time,mean_score_time,std_score_time,param_model__max_features,param_model__max_samples,param_model__min_samples_leaf,param_model__n_estimators,params,split0_test_score,split1_test_score,split2_test_score,split3_test_score,split4_test_score,mean_test_score,std_test_score,rank_test_score
0,1.4242306232452393,0.018051145996895206,0.029302072525024415,0.0011172541315641387,0.410104548749355,0.8638628715886625,233,226,"OrderedDict([('model__max_features', 0.410104548749355), ('model__max_samples', 0.8638628715886625), ('model__min_samples_leaf', 233), ('model__n_estimators', 226)])",0.812,0.817,0.806,0.812,0.828,0.8150000000000001,0.007375635565834271,45
0,9.91746096611023,0.07596756375369244,0.058881187438964845,0.006624882284746538,0.8373885181649289,0.9416576386904312,77,480,"OrderedDict([('model__max_features', 0.8373885181649289), ('model__max_samples', 0.9416576386904312), ('model__min_samples_leaf', 77), ('model__n_estimators', 480)])",0.821,0.83,0.819,0.842,0.84,0.8304,0.009436100889668368,33
0,5.692528438568115,0.09145930040305167,0.03727941513061524,0.0033909133097898567,0.4448330674686395,0.9593612608346885,27,273,"OrderedDict([('model__max_features', 0.4448330674686395), ('model__max_samples', 0.9593612608346885), ('model__min_samples_leaf', 27), ('model__n_estimators', 273)])",0.834,0.835,0.82,0.848,0.845,0.8363999999999999,0.00985088828481981,31
0,4.13532829284668,0.01872027468665921,0.048913192749023435,0.003445670224975744,0.812396175961375,0.5859357806982803,150,421,"OrderedDict([('model__max_features', 0.812396175961375), ('model__max_samples', 0.5859357806982803), ('model__min_samples_leaf', 150), ('model__n_estimators', 421)])",0.811,0.818,0.812,0.834,0.837,0.8224,0.01100181803158002,39
0,4.753338956832886,0.04641703802435123,0.043432188034057614,0.002413485047939206,0.7995536420537315,0.7190145932204617,132,386,"OrderedDict([('model__max_features', 0.7995536420537315), ('model__max_samples', 0.7190145932204617), ('model__min_samples_leaf', 132), ('model__n_estimators', 386)])",0.813,0.819,0.815,0.834,0.839,0.8240000000000001,0.010507140429250968,38
0,4.436887550354004,0.040144827464431564,0.028514671325683593,0.004618915794675309,0.7340282839575504,0.9696848688013859,42,175,"OrderedDict([('model__max_features', 0.7340282839575504), ('model__max_samples', 0.9696848688013859), ('model__min_samples_leaf', 42), ('model__n_estimators', 175)])",0.83,0.837,0.82,0.846,0.841,0.8347999999999999,0.009064215354899737,32
0,6.545737981796265,0.04986930132850321,0.06011786460876465,0.011086868174781512,0.6170797414229579,0.8876821894139413,90,450,"OrderedDict([('model__max_features', 0.6170797414229579), ('model__max_samples', 0.8876821894139413), ('model__min_samples_leaf', 90), ('model__n_estimators', 450)])",0.82,0.831,0.813,0.838,0.841,0.8286,0.01063202708800162,35
0,5.14205265045166,0.043672129182344116,0.056687355041503906,0.007486792895616648,0.5434035242872449,0.9600046132186582,125,435,"OrderedDict([('model__max_features', 0.5434035242872449), ('model__max_samples', 0.9600046132186582), ('model__min_samples_leaf', 125), ('model__n_estimators', 435)])",0.819,0.827,0.815,0.84,0.842,0.8286,0.01085541339608954,35
0,3.5738646507263185,0.03908699996746027,0.03390316963195801,0.0006426724716206675,0.955478030831942,0.8503107223106829,218,266,"OrderedDict([('model__max_features', 0.955478030831942), ('model__max_samples', 0.8503107223106829), ('model__min_samples_leaf', 218), ('model__n_estimators', 266)])",0.802,0.816,0.811,0.832,0.834,0.819,0.012296340919151485,42
0,0.2945568084716797,0.013914126605825135,0.021774435043334962,0.0005138735717549615,0.003631303624435972,0.9089150098318758,186,202,"OrderedDict([('model__max_features', 0.003631303624435972), ('model__max_samples', 0.9089150098318758), ('model__min_samples_leaf', 186), ('model__n_estimators', 202)])",0.776,0.776,0.776,0.776,0.775,0.7758,0.00040000000000000034,50
0,10.23621301651001,0.20982408366000546,0.031156158447265624,0.00609488632269371,1.0,0.5,1,100,"OrderedDict([('model__max_features', 1.0), ('model__max_samples', 0.5), ('model__min_samples_leaf', 1), ('model__n_estimators', 100)])",0.839,0.843,0.827,0.857,0.843,0.8417999999999999,0.009600000000000008,20
0,17.59343800544739,0.2527536226954873,0.09807415008544922,0.00976558716890525,0.2388572833705859,0.6466123135207189,1,500,"OrderedDict([('model__max_features', 0.2388572833705859), ('model__max_samples', 0.6466123135207189), ('model__min_samples_leaf', 1), ('model__n_estimators', 500)])",0.846,0.843,0.826,0.857,0.851,0.8446,0.010442221985765299,1
0,1.588349962234497,0.03180832823413571,0.0764697551727295,0.006798531746283808,1e-06,0.6822888746806199,1,128,"OrderedDict([('model__max_features', 1e-06), ('model__max_samples', 0.6822888746806199), ('model__min_samples_leaf', 1), ('model__n_estimators', 128)])",0.832,0.816,0.808,0.813,0.826,0.819,0.008763560920082639,42
0,1.1528046607971192,0.028210327231671193,0.025333261489868163,0.0028016792849457697,0.2742066391464156,0.6726369536503195,76,152,"OrderedDict([('model__max_features', 0.2742066391464156), ('model__max_samples', 0.6726369536503195), ('model__min_samples_leaf', 76), ('model__n_estimators', 152)])",0.826,0.828,0.821,0.821,0.837,0.8265999999999998,0.00588557558782487,37
0,33.31322951316834,0.6011389484585363,0.07088046073913574,0.007554117170169911,0.852355697875799,0.5221564436855257,1,388,"OrderedDict([('model__max_features', 0.852355697875799), ('model__max_samples', 0.5221564436855257), ('model__min_samples_leaf', 1), ('model__n_estimators', 388)])",0.839,0.841,0.823,0.857,0.848,0.8416,0.011235657524150521,24
0,1.786584234237671,0.021864313371486623,0.033693790435791016,0.003100444792717885,0.6677999790277461,0.6190776552087857,250,277,"OrderedDict([('model__max_features', 0.6677999790277461), ('model__max_samples', 0.6190776552087857), ('model__min_samples_leaf', 250), ('model__n_estimators', 277)])",0.802,0.814,0.811,0.832,0.83,0.8177999999999999,0.011496086290559898,44
0,3.2230451583862303,0.051723500076789934,0.02431960105895996,0.0024511160047301643,0.3135866004297161,0.5,1,100,"OrderedDict([('model__max_features', 0.3135866004297161), ('model__max_samples', 0.5), ('model__min_samples_leaf', 1), ('model__n_estimators', 100)])",0.842,0.841,0.827,0.854,0.845,0.8417999999999999,0.008704022058795585,20
0,30.9291259765625,0.5209918602894997,0.082328462600708,0.010097885762535968,0.6349003498822408,0.5232034124357835,1,478,"OrderedDict([('model__max_features', 0.6349003498822408), ('model__max_samples', 0.5232034124357835), ('model__min_samples_leaf', 1), ('model__n_estimators', 478)])",0.838,0.843,0.827,0.855,0.847,0.842,0.00933809402394301,15
0,3.874759578704834,0.046468196347780065,0.029646873474121094,0.0021303256950292834,0.9994437128592591,0.6847357452616643,83,204,"OrderedDict([('model__max_features', 0.9994437128592591), ('model__max_samples', 0.6847357452616643), ('model__min_samples_leaf', 83), ('model__n_estimators', 204)])",0.819,0.831,0.816,0.84,0.839,0.829,0.009939818911831351,34
0,31.21208324432373,0.5142024124420341,0.09510998725891114,0.011023363254507066,0.3263431698697539,1.0,1,500,"OrderedDict([('model__max_features', 0.3263431698697539), ('model__max_samples', 1.0), ('model__min_samples_leaf', 1), ('model__n_estimators', 500)])",0.841,0.844,0.829,0.859,0.848,0.8442000000000001,0.009744742172063874,4
0,42.54208278656006,0.566661625458239,0.07284255027770996,0.0036605367642880606,0.9971465678640922,0.8573427811870533,2,460,"OrderedDict([('model__max_features', 0.9971465678640922), ('model__max_samples', 0.8573427811870533), ('model__min_samples_leaf', 2), ('model__n_estimators', 460)])",0.84,0.843,0.826,0.857,0.844,0.842,0.009899494936611674,15
0,1.4646451950073243,0.033166257847993506,0.05064129829406738,0.00606419674180281,0.16507553668069466,0.8274274895836016,249,433,"OrderedDict([('model__max_features', 0.16507553668069466), ('model__max_samples', 0.8274274895836016), ('model__min_samples_leaf', 249), ('model__n_estimators', 433)])",0.777,0.777,0.784,0.776,0.777,0.7782,0.0029257477676655616,49
0,10.442425012588501,0.09542037037686298,0.05848274230957031,0.005672612190068214,0.1630208773248285,0.9922140736649441,1,287,"OrderedDict([('model__max_features', 0.1630208773248285), ('model__max_samples', 0.9922140736649441), ('model__min_samples_leaf', 1), ('model__n_estimators', 287)])",0.839,0.848,0.829,0.858,0.849,0.8446,0.009850888284819809,1
0,4.803158378601074,0.09948984978031672,0.02646474838256836,0.0033389736137008222,0.23403536449600382,1.0,1,100,"OrderedDict([('model__max_features', 0.23403536449600382), ('model__max_samples', 1.0), ('model__min_samples_leaf', 1), ('model__n_estimators', 100)])",0.839,0.846,0.826,0.86,0.846,0.8433999999999999,0.011056219968868212,8
0,30.931131601333618,0.4519957170961944,0.06385397911071777,0.0070931066416221634,0.5196694762339364,0.9606873343770497,1,327,"OrderedDict([('model__max_features', 0.5196694762339364), ('model__max_samples', 0.9606873343770497), ('model__min_samples_leaf', 1), ('model__n_estimators', 327)])",0.844,0.841,0.827,0.856,0.84,0.8416,0.009264987857520383,24
0,12.896707725524902,0.2127845884667212,0.03083667755126953,0.00413096782472516,0.9353664419556359,0.7827762474687807,2,157,"OrderedDict([('model__max_features', 0.9353664419556359), ('model__max_samples', 0.7827762474687807), ('model__min_samples_leaf', 2), ('model__n_estimators', 157)])",0.838,0.836,0.83,0.859,0.846,0.8417999999999999,0.010007996802557453,20
0,2.1299798011779787,0.020622582886681406,0.06147313117980957,0.003323494617838722,0.11356517333562517,0.7188720352809355,70,495,"OrderedDict([('model__max_features', 0.11356517333562517), ('model__max_samples', 0.7188720352809355), ('model__min_samples_leaf', 70), ('model__n_estimators', 495)])",0.821,0.816,0.799,0.811,0.818,0.813,0.007720103626247474,46
0,23.273642826080323,0.3333907140539086,0.0947486400604248,0.009816601811223223,0.22643395954689197,1.0,1,500,"OrderedDict([('model__max_features', 0.22643395954689197), ('model__max_samples', 1.0), ('model__min_samples_leaf', 1), ('model__n_estimators', 500)])",0.844,0.848,0.828,0.853,0.848,0.8442000000000001,0.008588364221433562,4
0,22.68763976097107,0.3487286161231553,0.04042716026306152,0.005959183784989187,0.7349237897547513,0.8909169146276452,1,181,"OrderedDict([('model__max_features', 0.7349237897547513), ('model__max_samples', 0.8909169146276452), ('model__min_samples_leaf', 1), ('model__n_estimators', 181)])",0.837,0.838,0.822,0.854,0.842,0.8385999999999999,0.010268398122394759,30
0,4.580353546142578,0.06883122814496163,0.04856128692626953,0.0015324964702185112,0.9956069319354134,0.6647149367396082,250,474,"OrderedDict([('model__max_features', 0.9956069319354134), ('model__max_samples', 0.6647149367396082), ('model__min_samples_leaf', 250), ('model__n_estimators', 474)])",0.799,0.813,0.802,0.826,0.816,0.8112,0.009785703858180015,48
0,22.504263973236085,0.27748173501915835,0.07613191604614258,0.009708066639565796,0.42599582913327516,0.5844114143546926,1,437,"OrderedDict([('model__max_features', 0.42599582913327516), ('model__max_samples', 0.5844114143546926), ('model__min_samples_leaf', 1), ('model__n_estimators', 437)])",0.839,0.846,0.828,0.855,0.848,0.8432000000000001,0.009152048950918049,9
0,13.71535496711731,0.18234349300095443,0.0851109504699707,0.008826980152011584,0.23705180609282603,0.5,1,500,"OrderedDict([('model__max_features', 0.23705180609282603), ('model__max_samples', 0.5), ('model__min_samples_leaf', 1), ('model__n_estimators', 500)])",0.841,0.847,0.823,0.856,0.847,0.8428000000000001,0.010998181667894026,13
0,28.094943618774415,0.4522308347866279,0.08831114768981933,0.02315979802460303,0.5653812174096899,0.5533428488055651,1,451,"OrderedDict([('model__max_features', 0.5653812174096899), ('model__max_samples', 0.5533428488055651), ('model__min_samples_leaf', 1), ('model__n_estimators', 451)])",0.838,0.838,0.825,0.856,0.846,0.8405999999999999,0.010229369482035545,28
0,25.989699840545654,0.25595169994995526,0.09891057014465332,0.011885563582621992,0.2523643372697381,1.0,1,500,"OrderedDict([('model__max_features', 0.2523643372697381), ('model__max_samples', 1.0), ('model__min_samples_leaf', 1), ('model__n_estimators', 500)])",0.843,0.842,0.828,0.855,0.848,0.8432000000000001,0.008885943956609233,9
0,22.108307123184204,0.3124658047596315,0.10613141059875489,0.013289263324615228,0.20297079785232533,1.0,1,500,"OrderedDict([('model__max_features', 0.20297079785232533), ('model__max_samples', 1.0), ('model__min_samples_leaf', 1), ('model__n_estimators', 500)])",0.845,0.848,0.826,0.851,0.85,0.844,0.009230384607371469,6
0,3.0669883728027343,0.05594677902930001,0.04202361106872558,0.004293784487873236,0.8242784709724335,0.611482457557379,250,380,"OrderedDict([('model__max_features', 0.8242784709724335), ('model__max_samples', 0.611482457557379), ('model__min_samples_leaf', 250), ('model__n_estimators', 380)])",0.803,0.814,0.802,0.828,0.816,0.8126,0.009541488353501212,47
0,21.63390064239502,0.36391488756733037,0.10235624313354492,0.014429436530638114,0.1969176395123471,1.0,1,500,"OrderedDict([('model__max_features', 0.1969176395123471), ('model__max_samples', 1.0), ('model__min_samples_leaf', 1), ('model__n_estimators', 500)])",0.843,0.845,0.825,0.857,0.846,0.8432000000000001,0.01032279032045116,9
0,4.805325126647949,0.07452742962983636,0.03064718246459961,0.004123962144098703,0.21451607742814005,1.0,1,100,"OrderedDict([('model__max_features', 0.21451607742814005), ('model__max_samples', 1.0), ('model__min_samples_leaf', 1), ('model__n_estimators', 100)])",0.843,0.845,0.828,0.854,0.845,0.843,0.00841427358718506,12
0,3.4274014949798586,0.045944090154076876,0.05990071296691894,0.007387527195560976,0.37130617726080023,0.7161945555726732,150,496,"OrderedDict([('model__max_features', 0.37130617726080023), ('model__max_samples', 0.7161945555726732), ('model__min_samples_leaf', 150), ('model__n_estimators', 496)])",0.817,0.821,0.817,0.816,0.833,0.8208,0.006337191807101949,40
0,12.970162916183472,0.2173745559338635,0.08314690589904786,0.009982467752253504,0.2171367416676266,0.5,1,500,"OrderedDict([('model__max_features', 0.2171367416676266), ('model__max_samples', 0.5), ('model__min_samples_leaf', 1), ('model__n_estimators', 500)])",0.84,0.847,0.824,0.857,0.842,0.8419999999999999,0.010751744044572499,19
0,28.43699197769165,0.38155848014159727,0.09422073364257813,0.011053710377162218,0.2817250783772475,1.0,1,500,"OrderedDict([('model__max_features', 0.2817250783772475), ('model__max_samples', 1.0), ('model__min_samples_leaf', 1), ('model__n_estimators', 500)])",0.84,0.844,0.827,0.858,0.844,0.8426,0.009911609354691103,14
0,0.8432509899139404,0.005630536145066246,0.02185535430908203,0.0019992953844428204,0.5723666776099471,0.623137175004661,193,111,"OrderedDict([('model__max_features', 0.5723666776099471), ('model__max_samples', 0.623137175004661), ('model__min_samples_leaf', 193), ('model__n_estimators', 111)])",0.813,0.822,0.815,0.817,0.834,0.8201999999999998,0.007520638270785272,41
0,28.272946643829346,0.3024235863372706,0.05332317352294922,0.0076910532027921405,0.8814998920213841,0.9892455411874165,3,347,"OrderedDict([('model__max_features', 0.8814998920213841), ('model__max_samples', 0.9892455411874165), ('model__min_samples_leaf', 3), ('model__n_estimators', 347)])",0.839,0.838,0.822,0.855,0.843,0.8394,0.010594338110519233,29
0,9.68601198196411,0.10309852910153063,0.08075890541076661,0.00888580092795799,0.12477889111854935,0.6144652186791737,1,447,"OrderedDict([('model__max_features', 0.12477889111854935), ('model__max_samples', 0.6144652186791737), ('model__min_samples_leaf', 1), ('model__n_estimators', 447)])",0.843,0.842,0.824,0.85,0.85,0.8417999999999999,0.009516301802696263,20
0,20.351035642623902,0.19335041461876257,0.0966484546661377,0.012528318831022029,0.18429349990770116,1.0,1,500,"OrderedDict([('model__max_features', 0.18429349990770116), ('model__max_samples', 1.0), ('model__min_samples_leaf', 1), ('model__n_estimators', 500)])",0.845,0.846,0.827,0.858,0.846,0.8443999999999999,0.009931767214348118,3
0,4.132601070404053,0.06279644315620747,0.026097583770751952,0.002347729650278862,0.18271479342564462,1.0,1,100,"OrderedDict([('model__max_features', 0.18271479342564462), ('model__max_samples', 1.0), ('model__min_samples_leaf', 1), ('model__n_estimators', 100)])",0.846,0.843,0.825,0.85,0.84,0.8408000000000001,0.00856504524214555,27
0,5.343034029006958,0.053676068589080625,0.02659893035888672,0.0014229428100026214,0.38963495193999703,0.9119379186733279,2,117,"OrderedDict([('model__max_features', 0.38963495193999703), ('model__max_samples', 0.9119379186733279), ('model__min_samples_leaf', 2), ('model__n_estimators', 117)])",0.839,0.841,0.826,0.859,0.84,0.841,0.010526157893552624,26
0,15.373613214492797,0.23459726646663107,0.061463356018066406,0.0051631017955418084,0.25022338308308956,1.0,1,299,"OrderedDict([('model__max_features', 0.25022338308308956), ('model__max_samples', 1.0), ('model__min_samples_leaf', 1), ('model__n_estimators', 299)])",0.841,0.846,0.825,0.856,0.852,0.844,0.01078888316740895,6
0,13.297178030014038,0.11879306743467748,0.08807330131530762,0.00830066148297031,0.21287334921422177,0.5,1,500,"OrderedDict([('model__max_features', 0.21287334921422177), ('model__max_samples', 0.5), ('model__min_samples_leaf', 1), ('model__n_estimators', 500)])",0.84,0.841,0.824,0.855,0.85,0.842,0.010601886624558866,15
0,27.268888807296754,0.3889891147028913,0.10782580375671387,0.01257304271325941,0.2573688701013184,1.0,1,500,"OrderedDict([('model__max_features', 0.2573688701013184), ('model__max_samples', 1.0), ('model__min_samples_leaf', 1), ('model__n_estimators', 500)])",0.843,0.841,0.828,0.854,0.844,0.842,0.008318653737234175,15
1,0.7770345687866211,0.018588161234259673,0.01911478042602539,0.0029140365944395836,0.410104548749355,0.8638628715886625,233,226,"OrderedDict([('model__max_features', 0.410104548749355), ('model__max_samples', 0.8638628715886625), ('model__min_samples_leaf', 233), ('model__n_estimators', 226)])",0.844,0.86,0.839,0.872,0.87,0.857,0.01338656042454522,43
1,4.817708969116211,0.046376918179479164,0.04023442268371582,0.0056018676155265325,0.8373885181649289,0.9416576386904312,77,480,"OrderedDict([('model__max_features', 0.8373885181649289), ('model__max_samples', 0.9416576386904312), ('model__min_samples_leaf', 77), ('model__n_estimators', 480)])",0.866,0.879,0.875,0.878,0.886,0.8768,0.0064930732322991775,36
1,2.032294416427612,0.01592756322332636,0.03107914924621582,0.00380147203541207,0.4448330674686395,0.9593612608346885,27,273,"OrderedDict([('model__max_features', 0.4448330674686395), ('model__max_samples', 0.9593612608346885), ('model__min_samples_leaf', 27), ('model__n_estimators', 273)])",0.926,0.93,0.916,0.93,0.927,0.9258000000000001,0.005153639490690055,28
1,2.314865064620972,0.014840257345271614,0.03201794624328613,0.0017062764514893416,0.812396175961375,0.5859357806982803,150,421,"OrderedDict([('model__max_features', 0.812396175961375), ('model__max_samples', 0.5859357806982803), ('model__min_samples_leaf', 150), ('model__n_estimators', 421)])",0.838,0.85,0.844,0.841,0.846,0.8438000000000001,0.004118252056394804,45
1,2.619719648361206,0.023590355725236076,0.03085503578186035,0.0025264183176100284,0.7995536420537315,0.7190145932204617,132,386,"OrderedDict([('model__max_features', 0.7995536420537315), ('model__max_samples', 0.7190145932204617), ('model__min_samples_leaf', 132), ('model__n_estimators', 386)])",0.838,0.872,0.868,0.862,0.864,0.8608,0.011906300852909784,41
1,1.9335744380950928,0.013447908665022821,0.022098016738891602,0.005216048755653936,0.7340282839575504,0.9696848688013859,42,175,"OrderedDict([('model__max_features', 0.7340282839575504), ('model__max_samples', 0.9696848688013859), ('model__min_samples_leaf', 42), ('model__n_estimators', 175)])",0.926,0.916,0.916,0.929,0.927,0.9228000000000002,0.005635601121442153,31
1,3.1903798580169678,0.020881992913830732,0.04070892333984375,0.0010729173612582712,0.6170797414229579,0.8876821894139413,90,450,"OrderedDict([('model__max_features', 0.6170797414229579), ('model__max_samples', 0.8876821894139413), ('model__min_samples_leaf', 90), ('model__n_estimators', 450)])",0.861,0.875,0.867,0.873,0.878,0.8708,0.006079473661428271,38
1,2.638729381561279,0.0433299128628961,0.037361431121826175,0.002226938715714584,0.5434035242872449,0.9600046132186582,125,435,"OrderedDict([('model__max_features', 0.5434035242872449), ('model__max_samples', 0.9600046132186582), ('model__min_samples_leaf', 125), ('model__n_estimators', 435)])",0.863,0.881,0.873,0.878,0.872,0.8734,0.006151422599691885,37
1,1.88898663520813,0.038947516620059346,0.022148704528808592,0.0033981682487412264,0.955478030831942,0.8503107223106829,218,266,"OrderedDict([('model__max_features', 0.955478030831942), ('model__max_samples', 0.8503107223106829), ('model__min_samples_leaf', 218), ('model__n_estimators', 266)])",0.838,0.85,0.844,0.841,0.846,0.8438000000000001,0.004118252056394804,45
1,0.36239376068115237,0.014817256288657538,0.018014907836914062,0.0019261678678974081,0.003631303624435972,0.9089150098318758,186,202,"OrderedDict([('model__max_features', 0.003631303624435972), ('model__max_samples', 0.9089150098318758), ('model__min_samples_leaf', 186), ('model__n_estimators', 202)])",0.854,0.861,0.862,0.868,0.846,0.8581999999999999,0.00754718490564529,42
1,1.4224167823791505,0.04014632208786664,0.013679027557373047,0.0009394846520907152,0.72392502226267,1.0,10,100,"OrderedDict([('model__max_features', 0.72392502226267), ('model__max_samples', 1.0), ('model__min_samples_leaf', 10), ('model__n_estimators', 100)])",0.939,0.937,0.936,0.94,0.941,0.9385999999999999,0.001854723699099092,24
1,1.785048818588257,0.026540884548357475,0.014930009841918945,0.0017126744688032351,1.0,0.5926647485466463,1,100,"OrderedDict([('model__max_features', 1.0), ('model__max_samples', 0.5926647485466463), ('model__min_samples_leaf', 1), ('model__n_estimators', 100)])",0.944,0.936,0.942,0.949,0.935,0.9411999999999999,0.005192301994298824,22
1,0.40861220359802247,0.019712586423977448,0.02545623779296875,0.004033541009627573,1e-06,0.5,1,100,"OrderedDict([('model__max_features', 1e-06), ('model__max_samples', 0.5), ('model__min_samples_leaf', 1), ('model__n_estimators', 100)])",0.919,0.92,0.908,0.92,0.906,0.9145999999999999,0.0062481997407253295,33
1,9.329236364364624,0.16350914886425286,0.051654911041259764,0.006129594449442008,1.0,0.9258556242576019,18,500,"OrderedDict([('model__max_features', 1.0), ('model__max_samples', 0.9258556242576019), ('model__min_samples_leaf', 18), ('model__n_estimators', 500)])",0.927,0.923,0.929,0.934,0.924,0.9274000000000001,0.003929376540877704,27
1,1.1244022846221924,0.014860800789247267,0.013576316833496093,0.0013851118905180678,1.0,0.5,18,100,"OrderedDict([('model__max_features', 1.0), ('model__max_samples', 0.5), ('model__min_samples_leaf', 18), ('model__n_estimators', 100)])",0.927,0.92,0.918,0.929,0.926,0.924,0.004242640687119289,29
1,2.0896624088287354,0.042419021557918254,0.014961862564086914,0.002523538738345503,1.0,0.8151250815493983,1,100,"OrderedDict([('model__max_features', 1.0), ('model__max_samples', 0.8151250815493983), ('model__min_samples_leaf', 1), ('model__n_estimators', 100)])",0.937,0.94,0.936,0.942,0.931,0.9372,0.0037629775444453146,26
1,2.397879791259766,0.0376098897415025,0.014004182815551759,0.0007623227338843732,1.0,1.0,1,100,"OrderedDict([('model__max_features', 1.0), ('model__max_samples', 1.0), ('model__min_samples_leaf', 1), ('model__n_estimators', 100)])",0.937,0.944,0.939,0.94,0.934,0.9388,0.0033105890714493287,23
1,5.159251594543457,0.059793317986193445,0.04840240478515625,0.0035419054823735913,0.612309351507587,0.679365161646176,1,457,"OrderedDict([('model__max_features', 0.612309351507587), ('model__max_samples', 0.679365161646176), ('model__min_samples_leaf', 1), ('model__n_estimators', 457)])",0.946,0.948,0.944,0.945,0.939,0.9443999999999999,0.0030066592756745844,13
1,0.4249525547027588,0.008170138955233984,0.022696781158447265,0.0018847316030932441,0.0011022089395959149,0.8138444052453963,54,213,"OrderedDict([('model__max_features', 0.0011022089395959149), ('model__max_samples', 0.8138444052453963), ('model__min_samples_leaf', 54), ('model__n_estimators', 213)])",0.883,0.881,0.869,0.884,0.88,0.8794000000000001,0.0053888774341229965,35
1,5.241177415847778,0.042655495306934514,0.05121164321899414,0.0028918730258695046,0.7204702547205559,0.5,1,500,"OrderedDict([('model__max_features', 0.7204702547205559), ('model__max_samples', 0.5), ('model__min_samples_leaf', 1), ('model__n_estimators', 500)])",0.944,0.943,0.941,0.944,0.941,0.9426,0.001356465996625055,20
1,2.866686296463013,0.01259726100746506,0.037943553924560544,0.0020845452628079648,0.44302688849487565,0.752983184160382,1,300,"OrderedDict([('model__max_features', 0.44302688849487565), ('model__max_samples', 0.752983184160382), ('model__min_samples_leaf', 1), ('model__n_estimators', 300)])",0.942,0.95,0.942,0.947,0.946,0.9453999999999999,0.0030724582991474457,4
1,0.33652124404907224,0.005610906887417429,0.019479799270629882,0.002764609884862473,1e-06,0.5296636478488917,122,200,"OrderedDict([('model__max_features', 1e-06), ('model__max_samples', 0.5296636478488917), ('model__min_samples_leaf', 122), ('model__n_estimators', 200)])",0.846,0.858,0.858,0.862,0.85,0.8548,0.005878775382679633,44
1,0.38303003311157224,0.0034184297156075218,0.019299983978271484,0.0022808317824600383,0.0007643259599014852,0.755059681305325,249,230,"OrderedDict([('model__max_features', 0.0007643259599014852), ('model__max_samples', 0.755059681305325), ('model__min_samples_leaf', 249), ('model__n_estimators', 230)])",0.844,0.843,0.831,0.852,0.836,0.8412,0.007194442299441986,48
1,1.3239069938659669,0.014311710852043576,0.015346908569335937,0.0014831685464252,0.5244567172563277,1.0,1,100,"OrderedDict([('model__max_features', 0.5244567172563277), ('model__max_samples', 1.0), ('model__min_samples_leaf', 1), ('model__n_estimators', 100)])",0.942,0.95,0.943,0.95,0.941,0.9452,0.003969886648255845,5
1,1.8838531970977783,0.011823707791940846,0.02654566764831543,0.003541423557958942,0.9677635700160887,0.5494299735586599,250,388,"OrderedDict([('model__max_features', 0.9677635700160887), ('model__max_samples', 0.5494299735586599), ('model__min_samples_leaf', 250), ('model__n_estimators', 388)])",0.8,0.82,0.807,0.822,0.82,0.8138,0.008726969691708527,50
1,5.705047130584717,0.06399446659418837,0.03656625747680664,0.0013480660255129264,0.7300349656559479,1.0,1,328,"OrderedDict([('model__max_features', 0.7300349656559479), ('model__max_samples', 1.0), ('model__min_samples_leaf', 1), ('model__n_estimators', 328)])",0.941,0.945,0.945,0.942,0.939,0.9423999999999999,0.002332380757938122,21
1,2.923471212387085,0.026553458113864486,0.044839000701904295,0.0014866539415010654,0.32549992285007157,0.8788384080425387,9,399,"OrderedDict([('model__max_features', 0.32549992285007157), ('model__max_samples', 0.8788384080425387), ('model__min_samples_leaf', 9), ('model__n_estimators', 399)])",0.936,0.941,0.938,0.94,0.938,0.9385999999999999,0.0017435595774162379,24
1,5.786862897872925,0.0462814725214822,0.05508189201354981,0.0024134795743500762,0.4810231809291408,1.0,1,500,"OrderedDict([('model__max_features', 0.4810231809291408), ('model__max_samples', 1.0), ('model__min_samples_leaf', 1), ('model__n_estimators', 500)])",0.943,0.948,0.947,0.949,0.939,0.9452,0.003709447398198285,5
1,0.35297770500183107,0.006348376562784343,0.020839786529541014,0.0014155197132631908,1e-06,1.0,1,100,"OrderedDict([('model__max_features', 1e-06), ('model__max_samples', 1.0), ('model__min_samples_leaf', 1), ('model__n_estimators', 100)])",0.927,0.925,0.912,0.923,0.902,0.9178000000000001,0.009453041838477188,32
1,6.783028030395508,0.0589117935837048,0.05762538909912109,0.004396940122038014,0.4932663492307737,1.0,1,500,"OrderedDict([('model__max_features', 0.4932663492307737), ('model__max_samples', 1.0), ('model__min_samples_leaf', 1), ('model__n_estimators', 500)])",0.945,0.946,0.942,0.948,0.941,0.9444000000000001,0.0025768197453450276,12
1,1.8253909587860107,0.028553016496563704,0.01924614906311035,0.00019472160165566436,0.9992207659552771,0.5485000724551291,46,197,"OrderedDict([('model__max_features', 0.9992207659552771), ('model__max_samples', 0.5485000724551291), ('model__min_samples_leaf', 46), ('model__n_estimators', 197)])",0.88,0.882,0.889,0.879,0.887,0.8834,0.003929376540877704,34
1,1.1504483222961426,0.013001017852835752,0.015725231170654295,0.0011846690529378964,0.5114950011309156,0.8601888660697361,1,100,"OrderedDict([('model__max_features', 0.5114950011309156), ('model__max_samples', 0.8601888660697361), ('model__min_samples_leaf', 1), ('model__n_estimators', 100)])",0.942,0.948,0.945,0.944,0.94,0.9437999999999999,0.00271293199325011,17
1,2.0439343452453613,0.02158588751416038,0.040495777130126955,0.0021378170267484877,0.41646574311029044,0.5022711083865223,18,389,"OrderedDict([('model__max_features', 0.41646574311029044), ('model__max_samples', 0.5022711083865223), ('model__min_samples_leaf', 18), ('model__n_estimators', 389)])",0.925,0.925,0.914,0.925,0.929,0.9236000000000001,0.005043808085167401,30
1,0.9118773937225342,0.011584719011906287,0.017059326171875,0.0032269053222866314,0.4723515645763197,0.616227260835482,1,100,"OrderedDict([('model__max_features', 0.4723515645763197), ('model__max_samples', 0.616227260835482), ('model__min_samples_leaf', 1), ('model__n_estimators', 100)])",0.943,0.949,0.947,0.945,0.937,0.9442,0.004118252056394765,15
1,4.9594080448150635,0.06311077791440976,0.06098814010620117,0.005113713608018107,0.43963024099442843,0.7457882209167997,1,500,"OrderedDict([('model__max_features', 0.43963024099442843), ('model__max_samples', 0.7457882209167997), ('model__min_samples_leaf', 1), ('model__n_estimators', 500)])",0.942,0.948,0.946,0.945,0.941,0.9443999999999999,0.002576819745345027,13
1,1.2083903789520263,0.008355084966766136,0.016187667846679688,0.0006403082034688081,0.4322890121284701,1.0,1,100,"OrderedDict([('model__max_features', 0.4322890121284701), ('model__max_samples', 1.0), ('model__min_samples_leaf', 1), ('model__n_estimators', 100)])",0.945,0.948,0.942,0.946,0.942,0.9446,0.002332380757938122,10
1,1.099810743331909,0.017987469651024414,0.016368722915649413,0.0024527872351467798,0.5153125804895027,0.704403951373182,1,100,"OrderedDict([('model__max_features', 0.5153125804895027), ('model__max_samples', 0.704403951373182), ('model__min_samples_leaf', 1), ('model__n_estimators', 100)])",0.947,0.947,0.946,0.946,0.942,0.9456,0.0018547236990991425,2
1,1.0473457336425782,0.0176948498619201,0.015314197540283203,0.0008926206494107484,0.5144420368337014,0.7018667346768043,1,100,"OrderedDict([('model__max_features', 0.5144420368337014), ('model__max_samples', 0.7018667346768043), ('model__min_samples_leaf', 1), ('model__n_estimators', 100)])",0.944,0.947,0.946,0.946,0.94,0.9445999999999998,0.0024979991993593614,11
1,5.086368751525879,0.06263004576614825,0.05585193634033203,0.00934759859621727,0.5029618731424094,0.6969286541939012,1,500,"OrderedDict([('model__max_features', 0.5029618731424094), ('model__max_samples', 0.6969286541939012), ('model__min_samples_leaf', 1), ('model__n_estimators', 500)])",0.944,0.945,0.946,0.947,0.942,0.9448000000000001,0.0017204650534085267,9
1,1.5569226741790771,0.019599753553775013,0.015795564651489256,0.000544335161679873,0.9780275905896703,0.9976915684040091,156,158,"OrderedDict([('model__max_features', 0.9780275905896703), ('model__max_samples', 0.9976915684040091), ('model__min_samples_leaf', 156), ('model__n_estimators', 158)])",0.851,0.872,0.866,0.864,0.857,0.8619999999999999,0.007293833011524194,40
1,5.607101583480835,0.059911409605188155,0.058877754211425784,0.005908408475749962,0.4968671715248717,0.7089070377962724,1,500,"OrderedDict([('model__max_features', 0.4968671715248717), ('model__max_samples', 0.7089070377962724), ('model__min_samples_leaf', 1), ('model__n_estimators', 500)])",0.947,0.947,0.945,0.948,0.938,0.945,0.0036331804249169933,7
1,0.424906063079834,0.008896253433160235,0.020925045013427734,0.0014301992155047404,0.05249675265351759,0.5014818051741008,211,238,"OrderedDict([('model__max_features', 0.05249675265351759), ('model__max_samples', 0.5014818051741008), ('model__min_samples_leaf', 211), ('model__n_estimators', 238)])",0.823,0.848,0.824,0.849,0.819,0.8325999999999999,0.01309350984266634,49
1,1.0651204586029053,0.010049228687924646,0.01591639518737793,0.0007822550770916206,0.45452837117351785,0.7396826254783159,1,100,"OrderedDict([('model__max_features', 0.45452837117351785), ('model__max_samples', 0.7396826254783159), ('model__min_samples_leaf', 1), ('model__n_estimators', 100)])",0.945,0.949,0.942,0.942,0.941,0.9437999999999999,0.0029257477676655616,17
1,1.1178971767425536,0.006362481240752563,0.016868066787719727,0.002265339608450044,0.5605596367235077,0.6486757642450027,1,100,"OrderedDict([('model__max_features', 0.5605596367235077), ('model__max_samples', 0.6486757642450027), ('model__min_samples_leaf', 1), ('model__n_estimators', 100)])",0.942,0.945,0.944,0.944,0.943,0.9436,0.001019803902718558,19
1,5.834935188293457,0.06367546674300234,0.06148495674133301,0.005739610770422164,0.46648964849661523,0.8780698757775027,1,500,"OrderedDict([('model__max_features', 0.46648964849661523), ('model__max_samples', 0.8780698757775027), ('model__min_samples_leaf', 1), ('model__n_estimators', 500)])",0.946,0.949,0.945,0.947,0.944,0.9461999999999999,0.0017204650534085267,1
1,5.959042930603028,0.05060612199589542,0.06394844055175782,0.0047281334743389455,0.47403349863294253,0.8723858297021996,1,500,"OrderedDict([('model__max_features', 0.47403349863294253), ('model__max_samples', 0.8723858297021996), ('model__min_samples_leaf', 1), ('model__n_estimators', 500)])",0.942,0.948,0.944,0.946,0.941,0.9441999999999998,0.0025612496949731414,16
1,6.707092666625977,0.06735852868281926,0.06306977272033691,0.011091991481604242,0.5163528348432715,1.0,1,500,"OrderedDict([('model__max_features', 0.5163528348432715), ('model__max_samples', 1.0), ('model__min_samples_leaf', 1), ('model__n_estimators', 500)])",0.945,0.948,0.944,0.947,0.941,0.945,0.0024494897427831805,7
1,5.534800434112549,0.07789785151886483,0.05426177978515625,0.003262092420300936,0.46143133758734123,0.868243984153956,1,500,"OrderedDict([('model__max_features', 0.46143133758734123), ('model__max_samples', 0.868243984153956), ('model__min_samples_leaf', 1), ('model__n_estimators', 500)])",0.946,0.947,0.946,0.949,0.94,0.9456,0.0030066592756745844,2
1,0.6431267261505127,0.02528931751525159,0.02956991195678711,0.0008345657342359156,0.011345378043385769,0.9820157792463342,102,326,"OrderedDict([('model__max_features', 0.011345378043385769), ('model__max_samples', 0.9820157792463342), ('model__min_samples_leaf', 102), ('model__n_estimators', 326)])",0.872,0.879,0.862,0.874,0.867,0.8708,0.005844655678480988,38
1,2.1835479736328125,0.03412172197248939,0.020660877227783203,0.0009499765710951067,0.9937160282877839,0.9932909767628796,248,276,"OrderedDict([('model__max_features', 0.9937160282877839), ('model__max_samples', 0.9932909767628796), ('model__min_samples_leaf', 248), ('model__n_estimators', 276)])",0.836,0.85,0.838,0.838,0.846,0.8416,0.00542586398650022,47
2,0.6983062267303467,0.03307634985448045,0.021346235275268556,0.005411636852681801,0.410104548749355,0.8638628715886625,233,226,"OrderedDict([('model__max_features', 0.410104548749355), ('model__max_samples', 0.8638628715886625), ('model__min_samples_leaf', 233), ('model__n_estimators', 226)])",0.883,0.883,0.883,0.883,0.883,0.883,0.0,36
2,4.204107427597046,0.09149879860088828,0.04764914512634277,0.005215237194040668,0.8373885181649289,0.9416576386904312,77,480,"OrderedDict([('model__max_features', 0.8373885181649289), ('model__max_samples', 0.9416576386904312), ('model__min_samples_leaf', 77), ('model__n_estimators', 480)])",0.888,0.895,0.883,0.89,0.884,0.8880000000000001,0.004335896677735764,33
2,1.9840996265411377,0.01129259684144747,0.035655975341796875,0.004483213718322009,0.4448330674686395,0.9593612608346885,27,273,"OrderedDict([('model__max_features', 0.4448330674686395), ('model__max_samples', 0.9593612608346885), ('model__min_samples_leaf', 27), ('model__n_estimators', 273)])",0.902,0.905,0.894,0.902,0.901,0.9008,0.0036551333764994164,25
2,2.070121335983276,0.024590864845084236,0.03488321304321289,0.0018892531884425773,0.812396175961375,0.5859357806982803,150,421,"OrderedDict([('model__max_features', 0.812396175961375), ('model__max_samples', 0.5859357806982803), ('model__min_samples_leaf', 150), ('model__n_estimators', 421)])",0.883,0.883,0.883,0.883,0.883,0.883,0.0,36
2,2.204375123977661,0.033093587823298354,0.033986806869506836,0.003783476596814882,0.7995536420537315,0.7190145932204617,132,386,"OrderedDict([('model__max_features', 0.7995536420537315), ('model__max_samples', 0.7190145932204617), ('model__min_samples_leaf', 132), ('model__n_estimators', 386)])",0.883,0.883,0.883,0.883,0.883,0.883,0.0,36
2,1.7023649215698242,0.023474645923072326,0.021724414825439454,0.003565407108611345,0.7340282839575504,0.9696848688013859,42,175,"OrderedDict([('model__max_features', 0.7340282839575504), ('model__max_samples', 0.9696848688013859), ('model__min_samples_leaf', 42), ('model__n_estimators', 175)])",0.903,0.908,0.889,0.903,0.899,0.9004000000000001,0.006374950980203697,26
2,2.632458734512329,0.033589659187248974,0.042952775955200195,0.0036120886909747534,0.6170797414229579,0.8876821894139413,90,450,"OrderedDict([('model__max_features', 0.6170797414229579), ('model__max_samples', 0.8876821894139413), ('model__min_samples_leaf', 90), ('model__n_estimators', 450)])",0.884,0.889,0.88,0.89,0.879,0.8844000000000001,0.0044988887516808004,35
2,2.4113111972808836,0.03642177695824242,0.03962564468383789,0.005239364858161313,0.5434035242872449,0.9600046132186582,125,435,"OrderedDict([('model__max_features', 0.5434035242872449), ('model__max_samples', 0.9600046132186582), ('model__min_samples_leaf', 125), ('model__n_estimators', 435)])",0.883,0.883,0.883,0.883,0.883,0.883,0.0,36
2,1.571781587600708,0.02776969562561772,0.020931816101074217,0.0016330593769606527,0.955478030831942,0.8503107223106829,218,266,"OrderedDict([('model__max_features', 0.955478030831942), ('model__max_samples', 0.8503107223106829), ('model__min_samples_leaf', 218), ('model__n_estimators', 266)])",0.883,0.883,0.883,0.883,0.883,0.883,0.0,36
2,0.2991422176361084,0.007139982043229335,0.015573883056640625,0.0013981125085640001,0.003631303624435972,0.9089150098318758,186,202,"OrderedDict([('model__max_features', 0.003631303624435972), ('model__max_samples', 0.9089150098318758), ('model__min_samples_leaf', 186), ('model__n_estimators', 202)])",0.883,0.883,0.883,0.883,0.883,0.883,0.0,36
2,1.335731840133667,0.02436627418986452,0.01666722297668457,0.0019820566703756446,0.5698679245611957,0.7132296955331167,1,103,"OrderedDict([('model__max_features', 0.5698679245611957), ('model__max_samples', 0.7132296955331167), ('model__min_samples_leaf', 1), ('model__n_estimators', 103)])",0.911,0.912,0.896,0.904,0.9,0.9046,0.006183849933496128,15
2,7.46433916091919,0.11911219491658889,0.05035743713378906,0.0057556230622198635,0.7876111314721278,0.6803858094074298,2,499,"OrderedDict([('model__max_features', 0.7876111314721278), ('model__max_samples', 0.6803858094074298), ('model__min_samples_leaf', 2), ('model__n_estimators', 499)])",0.908,0.913,0.893,0.898,0.904,0.9032000000000002,0.007082372483850316,20
2,1.9324540615081787,0.040083121601017534,0.03995790481567383,0.004195810681083922,0.43668111245913316,0.9777909657384907,250,489,"OrderedDict([('model__max_features', 0.43668111245913316), ('model__max_samples', 0.9777909657384907), ('model__min_samples_leaf', 250), ('model__n_estimators', 489)])",0.883,0.883,0.883,0.883,0.883,0.883,0.0,36
2,3.4836469650268556,0.05293668999918696,0.046140098571777345,0.0035208626213654296,0.7612113421048534,0.558459099185696,43,500,"OrderedDict([('model__max_features', 0.7612113421048534), ('model__max_samples', 0.558459099185696), ('model__min_samples_leaf', 43), ('model__n_estimators', 500)])",0.902,0.905,0.888,0.903,0.902,0.9,0.0060991802727907675,28
2,0.3781075954437256,0.007025443349108133,0.019008970260620116,0.001758744442177397,0.15397042592510354,0.5172855681324584,12,113,"OrderedDict([('model__max_features', 0.15397042592510354), ('model__max_samples', 0.5172855681324584), ('model__min_samples_leaf', 12), ('model__n_estimators', 113)])",0.895,0.897,0.89,0.895,0.893,0.8939999999999999,0.0023664319132398483,30
2,0.2166450023651123,0.012549944169989538,0.012526845932006836,0.000614271939704418,0.0005578250147696271,0.8063754575087773,83,127,"OrderedDict([('model__max_features', 0.0005578250147696271), ('model__max_samples', 0.8063754575087773), ('model__min_samples_leaf', 83), ('model__n_estimators', 127)])",0.883,0.883,0.883,0.883,0.883,0.883,0.0,36
2,3.1855139255523683,0.04215983668852141,0.04575405120849609,0.0035178318335484155,0.6516426496690042,0.528007715032763,14,369,"OrderedDict([('model__max_features', 0.6516426496690042), ('model__max_samples', 0.528007715032763), ('model__min_samples_leaf', 14), ('model__n_estimators', 369)])",0.905,0.908,0.892,0.901,0.899,0.901,0.005477225575051666,24
2,4.785962533950806,0.11060546944210851,0.028517770767211913,0.005422226789608804,0.9857404831297784,0.9980051259797125,5,205,"OrderedDict([('model__max_features', 0.9857404831297784), ('model__max_samples', 0.9980051259797125), ('model__min_samples_leaf', 5), ('model__n_estimators', 205)])",0.905,0.911,0.894,0.898,0.9,0.9016,0.00588557558782487,23
2,0.9981236934661866,0.024552456253202494,0.05366668701171875,0.003777343687732369,0.019614124037026327,0.9931098295657512,1,272,"OrderedDict([('model__max_features', 0.019614124037026327), ('model__max_samples', 0.9931098295657512), ('model__min_samples_leaf', 1), ('model__n_estimators', 272)])",0.893,0.89,0.887,0.891,0.894,0.891,0.0024494897427831805,32
2,1.9561485290527343,0.05193966685949883,0.018402576446533203,0.0025005188131486033,0.6824930458005288,1.0,1,100,"OrderedDict([('model__max_features', 0.6824930458005288), ('model__max_samples', 1.0), ('model__min_samples_leaf', 1), ('model__n_estimators', 100)])",0.904,0.914,0.895,0.904,0.907,0.9048,0.006112282715974456,11
2,0.36055383682250974,0.014846360412397182,0.01950497627258301,0.001301219885253243,0.0003758597760573268,0.8457084211068961,46,178,"OrderedDict([('model__max_features', 0.0003758597760573268), ('model__max_samples', 0.8457084211068961), ('model__min_samples_leaf', 46), ('model__n_estimators', 178)])",0.883,0.883,0.883,0.883,0.883,0.883,0.0,36
2,0.7753830909729004,0.013271640637686386,0.030533599853515624,0.002847955107380429,0.005445974360294004,0.5818538970086891,249,466,"OrderedDict([('model__max_features', 0.005445974360294004), ('model__max_samples', 0.5818538970086891), ('model__min_samples_leaf', 249), ('model__n_estimators', 466)])",0.883,0.883,0.883,0.883,0.883,0.883,0.0,36
2,1.0355356216430665,0.02200919166035673,0.01553201675415039,0.0009154734993041899,0.9984449445984175,0.5519321576728746,39,113,"OrderedDict([('model__max_features', 0.9984449445984175), ('model__max_samples', 0.5519321576728746), ('model__min_samples_leaf', 39), ('model__n_estimators', 113)])",0.903,0.909,0.887,0.901,0.896,0.8991999999999999,0.007386474125047761,29
2,1.7288290500640868,0.034443530067093345,0.015565776824951172,0.0008088623810390476,0.648774001158462,1.0,1,100,"OrderedDict([('model__max_features', 0.648774001158462), ('model__max_samples', 1.0), ('model__min_samples_leaf', 1), ('model__n_estimators', 100)])",0.903,0.916,0.894,0.901,0.91,0.9048,0.0075736384915046015,11
2,0.6927188873291016,0.015316628941211087,0.028336477279663087,0.0024862605644544646,0.003833268648346535,0.9407880294159977,137,460,"OrderedDict([('model__max_features', 0.003833268648346535), ('model__max_samples', 0.9407880294159977), ('model__min_samples_leaf', 137), ('model__n_estimators', 460)])",0.883,0.883,0.883,0.883,0.883,0.883,0.0,36
2,2.013922643661499,0.03605933954326914,0.02594757080078125,0.0032036769934109897,0.9929392608378779,0.9376575300071203,250,310,"OrderedDict([('model__max_features', 0.9929392608378779), ('model__max_samples', 0.9376575300071203), ('model__min_samples_leaf', 250), ('model__n_estimators', 310)])",0.883,0.883,0.883,0.883,0.883,0.883,0.0,36
2,0.5493875503540039,0.016455765477968384,0.01500091552734375,0.002620029488515182,0.942544401259778,0.5012300449827283,248,140,"OrderedDict([('model__max_features', 0.942544401259778), ('model__max_samples', 0.5012300449827283), ('model__min_samples_leaf', 248), ('model__n_estimators', 140)])",0.883,0.883,0.883,0.883,0.883,0.883,0.0,36
2,1.086076021194458,0.02872352722018944,0.016342592239379884,0.0024528236419224213,0.6606470831673354,0.5,1,100,"OrderedDict([('model__max_features', 0.6606470831673354), ('model__max_samples', 0.5), ('model__min_samples_leaf', 1), ('model__n_estimators', 100)])",0.912,0.917,0.894,0.901,0.901,0.905,0.008318653737234175,9
2,1.1538727283477783,0.025527808436284116,0.020954084396362305,0.0009290233343905563,0.9988693587592358,0.5137425759279782,183,240,"OrderedDict([('model__max_features', 0.9988693587592358), ('model__max_samples', 0.5137425759279782), ('model__min_samples_leaf', 183), ('model__n_estimators', 240)])",0.883,0.883,0.883,0.883,0.883,0.883,0.0,36
2,1.2006470680236816,0.02597341803862601,0.01554112434387207,0.0007693921502260182,0.7069429550930042,0.5,1,100,"OrderedDict([('model__max_features', 0.7069429550930042), ('model__max_samples', 0.5), ('model__min_samples_leaf', 1), ('model__n_estimators', 100)])",0.91,0.917,0.891,0.903,0.911,0.9064,0.008890444308357155,1
2,4.748207998275757,0.09859763107895966,0.052419185638427734,0.0027755252115689213,0.4547425635871417,0.6943659069061312,1,482,"OrderedDict([('model__max_features', 0.4547425635871417), ('model__max_samples', 0.6943659069061312), ('model__min_samples_leaf', 1), ('model__n_estimators', 482)])",0.91,0.914,0.892,0.899,0.903,0.9036000000000002,0.00781280999384985,17
2,1.682266902923584,0.016844576144065267,0.017383527755737305,0.0020934065709744894,0.632223330440841,1.0,1,100,"OrderedDict([('model__max_features', 0.632223330440841), ('model__max_samples', 1.0), ('model__min_samples_leaf', 1), ('model__n_estimators', 100)])",0.908,0.916,0.898,0.901,0.909,0.9064,0.006343500610861488,1
2,7.350757837295532,0.1212224759102196,0.03969616889953613,0.004388416913403678,0.9952759978255219,0.6690683916569844,1,379,"OrderedDict([('model__max_features', 0.9952759978255219), ('model__max_samples', 0.6690683916569844), ('model__min_samples_leaf', 1), ('model__n_estimators', 379)])",0.906,0.918,0.894,0.897,0.903,0.9036000000000002,0.00835703296631048,17
2,1.80760817527771,0.020700954146679638,0.016013336181640626,0.0003796045002016615,0.6824431468647876,1.0,1,100,"OrderedDict([('model__max_features', 0.6824431468647876), ('model__max_samples', 1.0), ('model__min_samples_leaf', 1), ('model__n_estimators', 100)])",0.908,0.917,0.896,0.905,0.904,0.906,0.006782329983125274,3
2,1.8405195713043212,0.022932209503210153,0.015979719161987305,0.0004825873187699412,0.6890289703382726,1.0,1,100,"OrderedDict([('model__max_features', 0.6890289703382726), ('model__max_samples', 1.0), ('model__min_samples_leaf', 1), ('model__n_estimators', 100)])",0.906,0.917,0.891,0.901,0.901,0.9032,0.008447484832777158,21
2,1.5907797336578369,0.02607270094730036,0.03876385688781738,0.0021762704901012305,0.4481298886242407,0.6129934479322189,179,495,"OrderedDict([('model__max_features', 0.4481298886242407), ('model__max_samples', 0.6129934479322189), ('model__min_samples_leaf', 179), ('model__n_estimators', 495)])",0.883,0.883,0.883,0.883,0.883,0.883,0.0,36
2,1.1100656509399414,0.036985460686276526,0.015060186386108398,0.0011428027103114612,0.6853745489013667,0.5,1,100,"OrderedDict([('model__max_features', 0.6853745489013667), ('model__max_samples', 0.5), ('model__min_samples_leaf', 1), ('model__n_estimators', 100)])",0.914,0.911,0.892,0.903,0.91,0.906,0.007874007874011818,3
2,1.1104199886322021,0.02341126998645943,0.014898204803466797,0.00032464485720488305,0.667303482782979,0.5,1,100,"OrderedDict([('model__max_features', 0.667303482782979), ('model__max_samples', 0.5), ('model__min_samples_leaf', 1), ('model__n_estimators', 100)])",0.91,0.916,0.89,0.901,0.906,0.9046,0.008800000000000007,15
2,0.8467169284820557,0.017426325939291047,0.015691375732421874,0.0015878871939443602,0.99964952949692,0.6276609255913657,104,125,"OrderedDict([('model__max_features', 0.99964952949692), ('model__max_samples', 0.6276609255913657), ('model__min_samples_leaf', 104), ('model__n_estimators', 125)])",0.883,0.886,0.879,0.894,0.884,0.8852,0.0049558046773455515,34
2,1.753656530380249,0.02320943594742417,0.016205835342407226,0.0007453521590566173,0.6575986158639241,1.0,1,100,"OrderedDict([('model__max_features', 0.6575986158639241), ('model__max_samples', 1.0), ('model__min_samples_leaf', 1), ('model__n_estimators', 100)])",0.909,0.911,0.892,0.903,0.908,0.9046000000000001,0.006829348431585555,13
2,5.335440349578858,0.08748433577373907,0.05191969871520996,0.0056899640786789935,0.6578004647162724,0.5,1,500,"OrderedDict([('model__max_features', 0.6578004647162724), ('model__max_samples', 0.5), ('model__min_samples_leaf', 1), ('model__n_estimators', 500)])",0.915,0.914,0.896,0.898,0.903,0.9052,0.007934733769950957,6
2,10.218028211593628,0.1393784853534589,0.04656820297241211,0.006465026377427923,0.9922592482614364,0.9051468354574381,1,425,"OrderedDict([('model__max_features', 0.9922592482614364), ('model__max_samples', 0.9051468354574381), ('model__min_samples_leaf', 1), ('model__n_estimators', 425)])",0.904,0.919,0.896,0.898,0.909,0.9052,0.008280096617793787,6
2,5.288206338882446,0.12259973505973282,0.04144129753112793,0.0022890338329376644,0.9931961829744493,0.7178209755734901,26,447,"OrderedDict([('model__max_features', 0.9931961829744493), ('model__max_samples', 0.7178209755734901), ('model__min_samples_leaf', 26), ('model__n_estimators', 447)])",0.903,0.908,0.891,0.9,0.899,0.9001999999999999,0.005564171097297428,27
2,1.290870189666748,0.026337508443745796,0.021390962600708007,0.0012031652406173847,0.36185573862144055,0.822735531215371,1,141,"OrderedDict([('model__max_features', 0.36185573862144055), ('model__max_samples', 0.822735531215371), ('model__min_samples_leaf', 1), ('model__n_estimators', 141)])",0.91,0.916,0.891,0.903,0.906,0.9052,0.008328265125462813,6
2,1.5034313201904297,0.0313506109497981,0.016113901138305665,0.0006003707917680881,0.5505767388422276,1.0,1,100,"OrderedDict([('model__max_features', 0.5505767388422276), ('model__max_samples', 1.0), ('model__min_samples_leaf', 1), ('model__n_estimators', 100)])",0.909,0.908,0.893,0.897,0.907,0.9028,0.006523802572120042,22
2,1.006108808517456,0.01849908952432723,0.016445493698120116,0.00227360062614117,0.6050247729055092,0.5,1,100,"OrderedDict([('model__max_features', 0.6050247729055092), ('model__max_samples', 0.5), ('model__min_samples_leaf', 1), ('model__n_estimators', 100)])",0.912,0.916,0.892,0.899,0.904,0.9046000000000001,0.008662563131083094,13
2,1.3238502025604248,0.02569818727783379,0.03146004676818848,0.0023413758632911483,0.39472572378124016,0.6272864846332383,50,292,"OrderedDict([('model__max_features', 0.39472572378124016), ('model__max_samples', 0.6272864846332383), ('model__min_samples_leaf', 50), ('model__n_estimators', 292)])",0.889,0.9,0.893,0.893,0.894,0.8938,0.003544009029333873,31
2,1.2071599960327148,0.017377920875354443,0.017070293426513672,0.00346778194447269,0.7389162711290082,0.5,1,100,"OrderedDict([('model__max_features', 0.7389162711290082), ('model__max_samples', 0.5), ('model__min_samples_leaf', 1), ('model__n_estimators', 100)])",0.916,0.911,0.888,0.902,0.901,0.9036,0.009604165762834384,19
2,4.720901536941528,0.0402416658115812,0.05585355758666992,0.003942466296536215,0.5810389557397638,0.5,1,500,"OrderedDict([('model__max_features', 0.5810389557397638), ('model__max_samples', 0.5), ('model__min_samples_leaf', 1), ('model__n_estimators', 500)])",0.909,0.915,0.894,0.9,0.907,0.905,0.007293833011524194,9
2,7.665212631225586,0.12087653149511389,0.056688547134399414,0.00930570468604838,0.5816805055944009,1.0,1,500,"OrderedDict([('model__max_features', 0.5816805055944009), ('model__max_samples', 1.0), ('model__min_samples_leaf', 1), ('model__n_estimators', 500)])",0.912,0.915,0.897,0.901,0.904,0.9057999999999999,0.0067349832961931,5
3,0.9595681667327881,0.017830298072321137,0.026499128341674803,0.0022461674498126527,0.410104548749355,0.8638628715886625,233,226,"OrderedDict([('model__max_features', 0.410104548749355), ('model__max_samples', 0.8638628715886625), ('model__min_samples_leaf', 233), ('model__n_estimators', 226)])",0.69,0.68,0.668,0.696,0.67,0.6808,0.01092520022699809,39
3,7.267319202423096,0.03367814980419126,0.05606098175048828,0.0029385436595705063,0.8373885181649289,0.9416576386904312,77,480,"OrderedDict([('model__max_features', 0.8373885181649289), ('model__max_samples', 0.9416576386904312), ('model__min_samples_leaf', 77), ('model__n_estimators', 480)])",0.85,0.878,0.815,0.833,0.844,0.8440000000000001,0.020755722102591388,27
3,4.5371135711669925,0.04209109557537556,0.0376335620880127,0.0013531436204759365,0.4448330674686395,0.9593612608346885,27,273,"OrderedDict([('model__max_features', 0.4448330674686395), ('model__max_samples', 0.9593612608346885), ('model__min_samples_leaf', 27), ('model__n_estimators', 273)])",0.942,0.97,0.942,0.954,0.956,0.9527999999999999,0.010400000000000008,20
3,2.880835008621216,0.025701748966131623,0.04594464302062988,0.0040115580670603244,0.812396175961375,0.5859357806982803,150,421,"OrderedDict([('model__max_features', 0.812396175961375), ('model__max_samples', 0.5859357806982803), ('model__min_samples_leaf', 150), ('model__n_estimators', 421)])",0.717,0.733,0.709,0.709,0.711,0.7158,0.009086253353280447,37
3,3.366507339477539,0.021675763301816815,0.04475183486938476,0.0038738446579113634,0.7995536420537315,0.7190145932204617,132,386,"OrderedDict([('model__max_features', 0.7995536420537315), ('model__max_samples', 0.7190145932204617), ('model__min_samples_leaf', 132), ('model__n_estimators', 386)])",0.783,0.781,0.751,0.76,0.731,0.7612,0.019415457759218574,33
3,3.5985469818115234,0.034251680157203826,0.02669806480407715,0.0009924078133272303,0.7340282839575504,0.9696848688013859,42,175,"OrderedDict([('model__max_features', 0.7340282839575504), ('model__max_samples', 0.9696848688013859), ('model__min_samples_leaf', 42), ('model__n_estimators', 175)])",0.916,0.94,0.917,0.931,0.92,0.9248,0.009282241108697806,23
3,4.761476135253906,0.0372602207673488,0.053937530517578124,0.00559005133326355,0.6170797414229579,0.8876821894139413,90,450,"OrderedDict([('model__max_features', 0.6170797414229579), ('model__max_samples', 0.8876821894139413), ('model__min_samples_leaf', 90), ('model__n_estimators', 450)])",0.844,0.853,0.802,0.832,0.835,0.8332,0.01724412943583987,28
3,3.600464391708374,0.031736594174996385,0.04914889335632324,0.004697287932291261,0.5434035242872449,0.9600046132186582,125,435,"OrderedDict([('model__max_features', 0.5434035242872449), ('model__max_samples', 0.9600046132186582), ('model__min_samples_leaf', 125), ('model__n_estimators', 435)])",0.814,0.818,0.781,0.796,0.807,0.8032,0.013377593206552485,29
3,2.1662970066070555,0.03058924379391005,0.03004117012023926,0.0007625434324508791,0.955478030831942,0.8503107223106829,218,266,"OrderedDict([('model__max_features', 0.955478030831942), ('model__max_samples', 0.8503107223106829), ('model__min_samples_leaf', 218), ('model__n_estimators', 266)])",0.678,0.691,0.695,0.668,0.663,0.679,0.012473972903610102,41
3,0.330218505859375,0.009839667073028718,0.024886703491210936,0.004837513027783389,0.003631303624435972,0.9089150098318758,186,202,"OrderedDict([('model__max_features', 0.003631303624435972), ('model__max_samples', 0.9089150098318758), ('model__min_samples_leaf', 186), ('model__n_estimators', 202)])",0.555,0.555,0.555,0.555,0.555,0.555,0.0,46
3,4.720810222625732,0.032512270235864706,0.0387171745300293,0.003943064937291396,0.37994119037178975,1.0,12,239,"OrderedDict([('model__max_features', 0.37994119037178975), ('model__max_samples', 1.0), ('model__min_samples_leaf', 12), ('model__n_estimators', 239)])",0.992,0.993,0.985,0.988,0.991,0.9898,0.0029257477676655616,13
3,3.251108169555664,0.03214896870514109,0.019358491897583006,0.0008258979616310511,1.0,0.5,1,100,"OrderedDict([('model__max_features', 1.0), ('model__max_samples', 0.5), ('model__min_samples_leaf', 1), ('model__n_estimators', 100)])",1.0,0.997,0.994,0.994,0.999,0.9967999999999998,0.0024819347291981735,11
3,0.7249894142150879,0.005961270489555082,0.026748847961425782,0.001440648863117862,1e-06,1.0,1,100,"OrderedDict([('model__max_features', 1e-06), ('model__max_samples', 1.0), ('model__min_samples_leaf', 1), ('model__n_estimators', 100)])",1.0,1.0,0.998,1.0,1.0,0.9996,0.0008000000000000007,6
3,3.4533135890960693,0.037830682083458224,0.08792791366577149,0.0047551211829530435,1e-06,1.0,1,500,"OrderedDict([('model__max_features', 1e-06), ('model__max_samples', 1.0), ('model__min_samples_leaf', 1), ('model__n_estimators', 500)])",1.0,1.0,1.0,1.0,1.0,1.0,0.0,1
3,23.792463397979738,0.2536812577540365,0.06243677139282226,0.008559784305779205,1.0,1.0,1,500,"OrderedDict([('model__max_features', 1.0), ('model__max_samples', 1.0), ('model__min_samples_leaf', 1), ('model__n_estimators', 500)])",1.0,0.997,0.995,0.996,0.999,0.9974000000000001,0.0018547236990991425,10
3,2.281087589263916,0.02887493532788662,0.06922450065612792,0.007558339672291907,0.04397968392024248,0.7608363257427448,5,432,"OrderedDict([('model__max_features', 0.04397968392024248), ('model__max_samples', 0.7608363257427448), ('model__min_samples_leaf', 5), ('model__n_estimators', 432)])",0.99,0.987,0.983,0.985,0.99,0.9869999999999999,0.002756809750418047,14
3,13.828491067886352,0.13507024797823128,0.06304755210876464,0.007461939296322788,0.4924018012867264,1.0,1,500,"OrderedDict([('model__max_features', 0.4924018012867264), ('model__max_samples', 1.0), ('model__min_samples_leaf', 1), ('model__n_estimators', 500)])",1.0,0.999,0.998,0.996,1.0,0.9986,0.0014966629547095778,8
3,0.3120208740234375,0.010899868348550773,0.020802688598632813,0.0013007555999123993,0.03642991151346926,0.9344961564889427,57,122,"OrderedDict([('model__max_features', 0.03642991151346926), ('model__max_samples', 0.9344961564889427), ('model__min_samples_leaf', 57), ('model__n_estimators', 122)])",0.774,0.772,0.746,0.773,0.778,0.7686,0.011482160075525868,32
3,18.51032361984253,0.19608947747456099,0.06037468910217285,0.008776206881329792,1.0,1.0,18,500,"OrderedDict([('model__max_features', 1.0), ('model__max_samples', 1.0), ('model__min_samples_leaf', 18), ('model__n_estimators', 500)])",0.967,0.978,0.966,0.97,0.963,0.9687999999999999,0.005114684741017773,17
3,8.181095790863036,0.025117202277075857,0.0698699951171875,0.001921691048167825,0.2316432613039047,1.0,1,500,"OrderedDict([('model__max_features', 0.2316432613039047), ('model__max_samples', 1.0), ('model__min_samples_leaf', 1), ('model__n_estimators', 500)])",1.0,0.999,1.0,0.998,1.0,0.9994,0.0008000000000000007,7
3,0.8293782234191894,0.027806944496351658,0.03000941276550293,0.001946148439107503,1e-06,1.0,2,160,"OrderedDict([('model__max_features', 1e-06), ('model__max_samples', 1.0), ('model__min_samples_leaf', 2), ('model__n_estimators', 160)])",0.999,0.998,0.997,0.999,0.997,0.998,0.0008944271909999167,9
3,2.514821434020996,0.07594925926922251,0.08652081489562988,0.012687382723535026,1e-06,0.5,1,500,"OrderedDict([('model__max_features', 1e-06), ('model__max_samples', 0.5), ('model__min_samples_leaf', 1), ('model__n_estimators', 500)])",1.0,1.0,1.0,0.999,1.0,0.9998000000000001,0.00040000000000000034,5
3,1.3369943618774414,0.02294998116525483,0.03564891815185547,0.005139228617957979,0.7213557336720966,0.5335054791017605,250,315,"OrderedDict([('model__max_features', 0.7213557336720966), ('model__max_samples', 0.5335054791017605), ('model__min_samples_leaf', 250), ('model__n_estimators', 315)])",0.648,0.649,0.639,0.642,0.629,0.6414000000000001,0.007227724399837067,44
3,0.23243026733398436,0.0027559449230128126,0.01636676788330078,0.0005477734882857967,0.061798024718622516,0.5024290162878605,107,106,"OrderedDict([('model__max_features', 0.061798024718622516), ('model__max_samples', 0.5024290162878605), ('model__min_samples_leaf', 107), ('model__n_estimators', 106)])",0.659,0.666,0.668,0.674,0.654,0.6642,0.006997142273814367,42
3,0.7765143871307373,0.01562548766970612,0.04602527618408203,0.0042476004311637235,1e-06,0.5318764883247546,35,500,"OrderedDict([('model__max_features', 1e-06), ('model__max_samples', 0.5318764883247546), ('model__min_samples_leaf', 35), ('model__n_estimators', 500)])",0.555,0.555,0.555,0.555,0.555,0.555,0.0,46
3,2.9319546222686768,0.023839548645718227,0.09129996299743652,0.005964510071905209,1e-06,0.7015223380378846,1,500,"OrderedDict([('model__max_features', 1e-06), ('model__max_samples', 0.7015223380378846), ('model__min_samples_leaf', 1), ('model__n_estimators', 500)])",1.0,1.0,1.0,1.0,1.0,1.0,0.0,1
3,3.262485694885254,0.042335569333088796,0.08789968490600586,0.005636547590353328,1e-06,0.8665815394056177,1,500,"OrderedDict([('model__max_features', 1e-06), ('model__max_samples', 0.8665815394056177), ('model__min_samples_leaf', 1), ('model__n_estimators', 500)])",1.0,1.0,1.0,1.0,1.0,1.0,0.0,1
3,2.690813684463501,0.035807451789071625,0.08594684600830078,0.004790412619987983,1e-06,0.5867365449750487,1,500,"OrderedDict([('model__max_features', 1e-06), ('model__max_samples', 0.5867365449750487), ('model__min_samples_leaf', 1), ('model__n_estimators', 500)])",1.0,1.0,1.0,1.0,1.0,1.0,0.0,1
3,0.8517426490783692,0.019509064373167604,0.04441118240356445,0.002409647335497816,1e-06,1.0,34,500,"OrderedDict([('model__max_features', 1e-06), ('model__max_samples', 1.0), ('model__min_samples_leaf', 34), ('model__n_estimators', 500)])",0.555,0.555,0.555,0.555,0.555,0.555,0.0,46
3,4.523922872543335,0.05295768241837703,0.038327598571777345,0.002430995281944494,0.9987520640163882,0.5295487608397624,47,314,"OrderedDict([('model__max_features', 0.9987520640163882), ('model__max_samples', 0.5295487608397624), ('model__min_samples_leaf', 47), ('model__n_estimators', 314)])",0.859,0.889,0.823,0.854,0.842,0.8533999999999999,0.021694238866574712,25
3,1.4151702404022217,0.029210277275257757,0.03615226745605469,0.0019563449581898023,0.09883062696124632,0.8622277544857868,23,249,"OrderedDict([('model__max_features', 0.09883062696124632), ('model__max_samples', 0.8622277544857868), ('model__min_samples_leaf', 23), ('model__n_estimators', 249)])",0.935,0.957,0.941,0.951,0.951,0.9469999999999998,0.007899367063252574,21
3,0.6937070846557617,0.007834419343054889,0.020197200775146484,0.0022615997410436197,0.8396759810565013,0.5350739910110563,167,112,"OrderedDict([('model__max_features', 0.8396759810565013), ('model__max_samples', 0.5350739910110563), ('model__min_samples_leaf', 167), ('model__n_estimators', 112)])",0.683,0.679,0.686,0.676,0.679,0.6806000000000001,0.0034985711369071833,40
3,3.033482027053833,0.044725211981759216,0.06494183540344238,0.006999972211566985,0.0818851963677498,0.764862906821029,9,454,"OrderedDict([('model__max_features', 0.0818851963677498), ('model__max_samples', 0.764862906821029), ('model__min_samples_leaf', 9), ('model__n_estimators', 454)])",0.981,0.985,0.979,0.983,0.988,0.9832000000000001,0.0031240998703626647,15
3,0.31415424346923826,0.009566326692758989,0.02408599853515625,0.004557816846347821,0.03393722854476037,0.5015697757530858,203,175,"OrderedDict([('model__max_features', 0.03393722854476037), ('model__max_samples', 0.5015697757530858), ('model__min_samples_leaf', 203), ('model__n_estimators', 175)])",0.555,0.555,0.555,0.555,0.555,0.555,0.0,46
3,1.9125406742095947,0.020016022164782706,0.02509174346923828,0.0033517450928079832,0.9801522304379434,0.5273090849001464,68,164,"OrderedDict([('model__max_features', 0.9801522304379434), ('model__max_samples', 0.5273090849001464), ('model__min_samples_leaf', 68), ('model__n_estimators', 164)])",0.811,0.827,0.775,0.812,0.791,0.8032,0.018159295140505852,29
3,0.6556605339050293,0.01604080400101199,0.037945556640625,0.002627879859702783,0.025785143073779052,0.5128828919794223,15,287,"OrderedDict([('model__max_features', 0.025785143073779052), ('model__max_samples', 0.5128828919794223), ('model__min_samples_leaf', 15), ('model__n_estimators', 287)])",0.878,0.89,0.883,0.877,0.869,0.8793999999999998,0.006945502141674141,24
3,5.36399097442627,0.05726506930921642,0.04576239585876465,0.007020542896398869,0.9997255262377511,0.9280258962464896,117,402,"OrderedDict([('model__max_features', 0.9997255262377511), ('model__max_samples', 0.9280258962464896), ('model__min_samples_leaf', 117), ('model__n_estimators', 402)])",0.768,0.78,0.738,0.76,0.749,0.7590000000000001,0.014587666023048387,34
3,0.2639774799346924,0.006647372766346602,0.018221712112426756,0.0011607111357208864,0.03719316159427264,0.9272154425559302,83,108,"OrderedDict([('model__max_features', 0.03719316159427264), ('model__max_samples', 0.9272154425559302), ('model__min_samples_leaf', 83), ('model__n_estimators', 108)])",0.683,0.683,0.702,0.7,0.692,0.692,0.008074651695274498,38
3,3.0350130081176756,0.03468933355427298,0.06377978324890136,0.0053384638368252175,0.07132416754408498,0.9930200089912442,11,452,"OrderedDict([('model__max_features', 0.07132416754408498), ('model__max_samples', 0.9930200089912442), ('model__min_samples_leaf', 11), ('model__n_estimators', 452)])",0.977,0.985,0.979,0.982,0.986,0.9818,0.0034292856398964525,16
3,1.085965919494629,0.032465620135176364,0.016752862930297853,0.0012256578533807964,0.9918643429402503,0.5895339303980441,97,101,"OrderedDict([('model__max_features', 0.9918643429402503), ('model__max_samples', 0.5895339303980441), ('model__min_samples_leaf', 97), ('model__n_estimators', 101)])",0.757,0.774,0.752,0.762,0.748,0.7586,0.00902441133814279,35
3,15.518451738357545,0.15396687255033512,0.05621933937072754,0.007690560732339486,0.9722761761207979,0.9462633910635053,20,453,"OrderedDict([('model__max_features', 0.9722761761207979), ('model__max_samples', 0.9462633910635053), ('model__min_samples_leaf', 20), ('model__n_estimators', 453)])",0.957,0.974,0.956,0.965,0.96,0.9623999999999999,0.006590902821313638,19
3,0.3460213661193848,0.008395189584335747,0.01963772773742676,0.0014552108128529884,0.08233306897008999,0.898358329445911,141,123,"OrderedDict([('model__max_features', 0.08233306897008999), ('model__max_samples', 0.898358329445911), ('model__min_samples_leaf', 141), ('model__n_estimators', 123)])",0.738,0.726,0.724,0.713,0.733,0.7268,0.008518215775618749,36
3,0.8654597282409668,0.018388832101441415,0.03482565879821777,0.0004015585145294924,0.027908240406795744,0.8217429769454259,7,238,"OrderedDict([('model__max_features', 0.027908240406795744), ('model__max_samples', 0.8217429769454259), ('model__min_samples_leaf', 7), ('model__n_estimators', 238)])",0.955,0.975,0.952,0.971,0.964,0.9634,0.008867919710958154,18
3,1.3216949939727782,0.029347677927685445,0.05058612823486328,0.005739469254619446,1e-06,0.9599421385178086,3,331,"OrderedDict([('model__max_features', 1e-06), ('model__max_samples', 0.9599421385178086), ('model__min_samples_leaf', 3), ('model__n_estimators', 331)])",0.994,0.993,0.995,0.991,0.991,0.9928000000000001,0.0016000000000000014,12
3,6.436087369918823,0.060950096052121365,0.042197465896606445,0.0016900710601548672,0.9761891390620485,0.5011169179081765,25,328,"OrderedDict([('model__max_features', 0.9761891390620485), ('model__max_samples', 0.5011169179081765), ('model__min_samples_leaf', 25), ('model__n_estimators', 328)])",0.914,0.942,0.919,0.942,0.922,0.9277999999999998,0.01187265766372462,22
3,0.35642638206481936,0.014732944469649461,0.023487138748168945,0.0021477609029678267,0.011225112194305394,0.828665977431024,158,215,"OrderedDict([('model__max_features', 0.011225112194305394), ('model__max_samples', 0.828665977431024), ('model__min_samples_leaf', 158), ('model__n_estimators', 215)])",0.555,0.555,0.555,0.555,0.555,0.555,0.0,46
3,2.817220401763916,0.02766683550839344,0.04946470260620117,0.00342938990818668,0.9282484376495979,0.5119195365842827,176,488,"OrderedDict([('model__max_features', 0.9282484376495979), ('model__max_samples', 0.5119195365842827), ('model__min_samples_leaf', 176), ('model__n_estimators', 488)])",0.664,0.669,0.655,0.661,0.653,0.6604,0.005851495535331123,43
3,0.5400042057037353,0.017864198716616493,0.02621316909790039,0.0014841547395328012,0.047150139469153446,0.9862460810713218,73,204,"OrderedDict([('model__max_features', 0.047150139469153446), ('model__max_samples', 0.9862460810713218), ('model__min_samples_leaf', 73), ('model__n_estimators', 204)])",0.792,0.783,0.781,0.789,0.798,0.7886000000000001,0.006151422599691885,31
3,0.33009562492370603,0.009332669180342111,0.021182823181152343,0.002083875314522432,0.060941618858552066,0.9743715403196485,241,155,"OrderedDict([('model__max_features', 0.060941618858552066), ('model__max_samples', 0.9743715403196485), ('model__min_samples_leaf', 241), ('model__n_estimators', 155)])",0.581,0.581,0.573,0.58,0.586,0.5801999999999999,0.004166533331199936,45
3,9.546488618850708,0.05310803651835247,0.05600862503051758,0.0048037656528974355,0.9587315241841121,0.9977118505842602,63,475,"OrderedDict([('model__max_features', 0.9587315241841121), ('model__max_samples', 0.9977118505842602), ('model__min_samples_leaf', 63), ('model__n_estimators', 475)])",0.85,0.884,0.816,0.86,0.851,0.8521999999999998,0.02185772174770282,26
