dataset,mean_fit_time,std_fit_time,mean_score_time,std_score_time,param_model__alpha,param_model__eta,param_model__max_depth,param_model__min_child_weight,params,split0_test_score,split1_test_score,split2_test_score,split3_test_score,split4_test_score,mean_test_score,std_test_score,rank_test_score
0,1.203449821472168,0.03009845513690097,0.02725071907043457,0.002533394466588904,0.011233621690895234,0.07622304262913658,18,6,"OrderedDict([('model__alpha', 0.011233621690895234), ('model__eta', 0.07622304262913658), ('model__max_depth', 18), ('model__min_child_weight', 6)])",0.835,0.826,0.82,0.848,0.841,0.834,0.010059821071967442,37
0,0.3129401206970215,0.008661069724079151,0.01668105125427246,0.0014831623836456798,1.537948446580078,0.09038169024165847,6,18,"OrderedDict([('model__alpha', 1.537948446580078), ('model__eta', 0.09038169024165847), ('model__max_depth', 6), ('model__min_child_weight', 18)])",0.834,0.839,0.829,0.84,0.846,0.8375999999999999,0.005748043145279971,21
0,0.15815024375915526,0.009616831690229298,0.014049339294433593,0.0016184143084602277,0.016755699440936588,0.09360374947191331,3,8,"OrderedDict([('model__alpha', 0.016755699440936588), ('model__eta', 0.09360374947191331), ('model__max_depth', 3), ('model__min_child_weight', 8)])",0.828,0.84,0.825,0.847,0.847,0.8373999999999999,0.009308061022576085,25
0,0.7249501705169678,0.01145086671900309,0.021517467498779298,0.0019335928585641666,1.1533999859559563,0.025640312087087024,12,15,"OrderedDict([('model__alpha', 1.1533999859559563), ('model__eta', 0.025640312087087024), ('model__max_depth', 12), ('model__min_child_weight', 15)])",0.832,0.837,0.822,0.851,0.839,0.8362,0.009453041838477188,30
0,0.5750400066375733,0.014834441434787838,0.022392988204956055,0.003007042141427483,0.9948719998234101,0.04986065596612403,10,14,"OrderedDict([('model__alpha', 0.9948719998234101), ('model__eta', 0.04986065596612403), ('model__max_depth', 10), ('model__min_child_weight', 14)])",0.839,0.843,0.828,0.851,0.844,0.841,0.0075630681604756216,5
0,0.24215126037597656,0.010910620852849039,0.014270401000976563,0.0005194006087350199,0.4678860424711244,0.09548264612185224,4,4,"OrderedDict([('model__alpha', 0.4678860424711244), ('model__eta', 0.09548264612185224), ('model__max_depth', 4), ('model__min_child_weight', 4)])",0.833,0.833,0.829,0.85,0.853,0.8396000000000001,0.009871170143402462,10
0,0.36876893043518066,0.014538008586379929,0.019475650787353516,0.00316838969049797,0.12172976749510152,0.08055815847333732,7,17,"OrderedDict([('model__alpha', 0.12172976749510152), ('model__eta', 0.08055815847333732), ('model__max_depth', 7), ('model__min_child_weight', 17)])",0.837,0.836,0.83,0.846,0.843,0.8384,0.005607138307550479,17
0,0.4870290279388428,0.018148962145645892,0.021508026123046874,0.0023731949406286855,0.05212131190318165,0.0937208396057958,10,16,"OrderedDict([('model__alpha', 0.05212131190318165), ('model__eta', 0.0937208396057958), ('model__max_depth', 10), ('model__min_child_weight', 16)])",0.831,0.831,0.836,0.842,0.842,0.8363999999999999,0.004923413450036473,28
0,0.814650583267212,0.027392146923321335,0.027978181838989258,0.008027396333671262,5.9894912052679325,0.07375655146054431,17,8,"OrderedDict([('model__alpha', 5.9894912052679325), ('model__eta', 0.07375655146054431), ('model__max_depth', 17), ('model__min_child_weight', 8)])",0.834,0.837,0.829,0.845,0.848,0.8385999999999999,0.007002856560004645,14
0,1.1992774963378907,0.025904148392587256,0.027372169494628906,0.0029634064760346184,0.00010426811836320536,0.0844225317894014,14,5,"OrderedDict([('model__alpha', 0.00010426811836320536), ('model__eta', 0.0844225317894014), ('model__max_depth', 14), ('model__min_child_weight', 5)])",0.833,0.828,0.816,0.843,0.848,0.8336,0.011288932633336078,41
0,0.10192551612854003,0.007719417603548929,0.012648725509643554,0.0017826521898821248,9.178582193963877,0.04832785617105048,1,1,"OrderedDict([('model__alpha', 9.178582193963877), ('model__eta', 0.04832785617105048), ('model__max_depth', 1), ('model__min_child_weight', 1)])",0.829,0.827,0.817,0.835,0.835,0.8286,0.006621178142898745,44
0,0.43525357246398927,0.01514326243433401,0.021750545501708983,0.0031302616938129117,10.0,0.05413142008502595,17,19,"OrderedDict([('model__alpha', 10.0), ('model__eta', 0.05413142008502595), ('model__max_depth', 17), ('model__min_child_weight', 19)])",0.837,0.836,0.82,0.852,0.848,0.8385999999999999,0.011164228589562302,14
0,0.3020496368408203,0.006843887610838524,0.016371536254882812,0.003029808374445575,0.00010479909457089361,0.011684806949171364,4,6,"OrderedDict([('model__alpha', 0.00010479909457089361), ('model__eta', 0.011684806949171364), ('model__max_depth', 4), ('model__min_child_weight', 6)])",0.841,0.82,0.82,0.834,0.833,0.8295999999999999,0.008309031231136401,43
0,0.5504196166992188,0.011272347240778507,0.021253347396850586,0.0017106955087752393,0.00010335417142095112,0.04262350085481423,10,19,"OrderedDict([('model__alpha', 0.00010335417142095112), ('model__eta', 0.04262350085481423), ('model__max_depth', 10), ('model__min_child_weight', 19)])",0.827,0.839,0.825,0.852,0.847,0.8379999999999999,0.010658330075579392,20
0,3.0614319801330567,0.10461572328618778,0.02413187026977539,0.0032821227258864657,7.126093185397079,0.09831990723673788,18,0,"OrderedDict([('model__alpha', 7.126093185397079), ('model__eta', 0.09831990723673788), ('model__max_depth', 18), ('model__min_child_weight', 0)])",0.834,0.826,0.828,0.846,0.845,0.8358000000000001,0.008352245207128448,32
0,0.09194087982177734,0.008797333936676881,0.013915729522705079,0.0026687949101511987,0.00022651084227447285,0.013393369088726603,1,19,"OrderedDict([('model__alpha', 0.00022651084227447285), ('model__eta', 0.013393369088726603), ('model__max_depth', 1), ('model__min_child_weight', 19)])",0.801,0.798,0.797,0.789,0.807,0.7984000000000001,0.005851495535331123,50
0,1.8463282108306884,0.016383105734820217,0.024940013885498047,0.0036474260152796435,10.0,0.02563736792020016,8,0,"OrderedDict([('model__alpha', 10.0), ('model__eta', 0.02563736792020016), ('model__max_depth', 8), ('model__min_child_weight', 0)])",0.835,0.837,0.83,0.846,0.851,0.8398,0.007626270385975055,9
0,6.046851587295532,0.119116743282222,0.029235410690307616,0.005285949058506797,10.0,0.01,19,0,"OrderedDict([('model__alpha', 10.0), ('model__eta', 0.01), ('model__max_depth', 19), ('model__min_child_weight', 0)])",0.822,0.818,0.817,0.827,0.826,0.8219999999999998,0.00404969134626332,47
0,0.4415764331817627,0.017417688482593938,0.021232032775878908,0.0022475330022244623,10.0,0.101,19,19,"OrderedDict([('model__alpha', 10.0), ('model__eta', 0.101), ('model__max_depth', 19), ('model__min_child_weight', 19)])",0.834,0.84,0.829,0.859,0.845,0.8413999999999999,0.010326664514740477,3
0,0.44214277267456054,0.014626236324176383,0.02246103286743164,0.005596567123258967,10.0,0.101,16,19,"OrderedDict([('model__alpha', 10.0), ('model__eta', 0.101), ('model__max_depth', 16), ('model__min_child_weight', 19)])",0.834,0.84,0.829,0.859,0.845,0.8413999999999999,0.010326664514740477,3
0,1.261759376525879,0.014828448371187204,0.020712804794311524,0.004432196512983987,0.0001,0.05908853050739715,6,0,"OrderedDict([('model__alpha', 0.0001), ('model__eta', 0.05908853050739715), ('model__max_depth', 6), ('model__min_child_weight', 0)])",0.832,0.838,0.826,0.852,0.849,0.8394,0.009871170143402462,11
0,0.11219758987426758,0.00459726268319112,0.012472772598266601,0.001116629617368353,0.0001,0.101,1,0,"OrderedDict([('model__alpha', 0.0001), ('model__eta', 0.101), ('model__max_depth', 1), ('model__min_child_weight', 0)])",0.834,0.831,0.819,0.842,0.843,0.8338000000000001,0.008704022058795585,38
0,3.4654162406921385,0.04504283307937785,0.027596426010131837,0.00545283967148588,2.8345576067379623,0.09420067534518207,9,0,"OrderedDict([('model__alpha', 2.8345576067379623), ('model__eta', 0.09420067534518207), ('model__max_depth', 9), ('model__min_child_weight', 0)])",0.837,0.837,0.817,0.84,0.843,0.8347999999999999,0.00917387595294378,36
0,0.5654166221618653,0.011354465568508056,0.02203526496887207,0.0027303982753823395,10.0,0.05005071517922373,7,7,"OrderedDict([('model__alpha', 10.0), ('model__eta', 0.05005071517922373), ('model__max_depth', 7), ('model__min_child_weight', 7)])",0.834,0.833,0.829,0.846,0.846,0.8375999999999999,0.0070597450378891225,21
0,7.866062211990356,0.23503018328246578,0.03271613121032715,0.006090042468167969,0.0001,0.01,10,0,"OrderedDict([('model__alpha', 0.0001), ('model__eta', 0.01), ('model__max_depth', 10), ('model__min_child_weight', 0)])",0.826,0.828,0.831,0.838,0.83,0.8305999999999999,0.004079215610874232,42
0,0.47726101875305177,0.013728661073865035,0.01788015365600586,0.00036583074190596097,10.0,0.01,19,19,"OrderedDict([('model__alpha', 10.0), ('model__eta', 0.01), ('model__max_depth', 19), ('model__min_child_weight', 19)])",0.817,0.804,0.816,0.814,0.817,0.8135999999999999,0.00492341345003643,48
0,0.47112178802490234,0.018528014210976204,0.0259307861328125,0.006020956777716871,10.0,0.06490668522257452,13,19,"OrderedDict([('model__alpha', 10.0), ('model__eta', 0.06490668522257452), ('model__max_depth', 13), ('model__min_child_weight', 19)])",0.839,0.835,0.823,0.854,0.846,0.8394,0.010442221985765299,11
0,0.44097251892089845,0.015588894613401672,0.022305059432983398,0.0016646439583087708,10.0,0.0829169474057191,17,19,"OrderedDict([('model__alpha', 10.0), ('model__eta', 0.0829169474057191), ('model__max_depth', 17), ('model__min_child_weight', 19)])",0.836,0.835,0.823,0.855,0.851,0.8399999999999999,0.011627553482998916,8
0,0.09559617042541504,0.005224794494277186,0.012919998168945313,0.0011991883410283738,10.0,0.101,1,19,"OrderedDict([('model__alpha', 10.0), ('model__eta', 0.101), ('model__max_depth', 1), ('model__min_child_weight', 19)])",0.828,0.835,0.823,0.845,0.846,0.8353999999999999,0.009090654541890817,35
0,3.1649386405944826,0.05763130951462037,0.026744365692138672,0.0028508565918878084,10.0,0.0477204603211238,13,0,"OrderedDict([('model__alpha', 10.0), ('model__eta', 0.0477204603211238), ('model__max_depth', 13), ('model__min_child_weight', 0)])",0.831,0.838,0.823,0.843,0.847,0.8364,0.008569714114251429,27
0,0.6041289806365967,0.01961305012916173,0.019052410125732423,0.001823995828403394,0.6291543806183914,0.011826669253809043,8,18,"OrderedDict([('model__alpha', 0.6291543806183914), ('model__eta', 0.011826669253809043), ('model__max_depth', 8), ('model__min_child_weight', 18)])",0.839,0.821,0.812,0.836,0.829,0.8273999999999999,0.009891410415102565,45
0,18.782210779190063,0.2897696766786097,0.04377484321594238,0.007987944511305219,0.0036602101583280036,0.05052166435405009,19,0,"OrderedDict([('model__alpha', 0.0036602101583280036), ('model__eta', 0.05052166435405009), ('model__max_depth', 19), ('model__min_child_weight', 0)])",0.823,0.837,0.83,0.846,0.846,0.8363999999999999,0.009002221947941527,28
0,0.5623091220855713,0.016868504101597043,0.024210023880004882,0.0021600512973022797,0.00015248189744981736,0.08195294816715769,19,19,"OrderedDict([('model__alpha', 0.00015248189744981736), ('model__eta', 0.08195294816715769), ('model__max_depth', 19), ('model__min_child_weight', 19)])",0.827,0.844,0.83,0.842,0.853,0.8392,0.0095372952140531,13
0,0.34866724014282224,0.013447180812648543,0.020258569717407228,0.002317533444555931,0.00015468103411011785,0.10067718084770302,6,17,"OrderedDict([('model__alpha', 0.00015468103411011785), ('model__eta', 0.10067718084770302), ('model__max_depth', 6), ('model__min_child_weight', 17)])",0.832,0.833,0.828,0.837,0.848,0.8356,0.006829348431585555,33
0,0.11196255683898926,0.007353246062567623,0.012540769577026368,0.0004927503177254263,0.006970494061527642,0.013608443839114278,1,0,"OrderedDict([('model__alpha', 0.006970494061527642), ('model__eta', 0.013608443839114278), ('model__max_depth', 1), ('model__min_child_weight', 0)])",0.801,0.798,0.811,0.789,0.807,0.8012,0.007600000000000007,49
0,0.3463538646697998,0.004118006128158627,0.026376724243164062,0.002525611440158545,0.3273494213400683,0.06538639817127749,4,19,"OrderedDict([('model__alpha', 0.3273494213400683), ('model__eta', 0.06538639817127749), ('model__max_depth', 4), ('model__min_child_weight', 19)])",0.827,0.839,0.825,0.847,0.85,0.8375999999999999,0.010150862032359625,21
0,3.6486961364746096,0.05751698256151477,0.02865629196166992,0.004927878550538494,5.546749092920567,0.06094273173501646,10,0,"OrderedDict([('model__alpha', 5.546749092920567), ('model__eta', 0.06094273173501646), ('model__max_depth', 10), ('model__min_child_weight', 0)])",0.836,0.835,0.826,0.846,0.845,0.8375999999999999,0.007337574531137663,21
0,0.7207795143127441,0.017167551458342277,0.01856207847595215,0.0009556431355568503,10.0,0.034122768243556825,5,0,"OrderedDict([('model__alpha', 10.0), ('model__eta', 0.034122768243556825), ('model__max_depth', 5), ('model__min_child_weight', 0)])",0.828,0.839,0.824,0.846,0.849,0.8371999999999999,0.009785703858180061,26
0,0.10739984512329101,0.003487056711294386,0.01232752799987793,0.00035821175911664085,8.747856980439336,0.07585425946596479,1,0,"OrderedDict([('model__alpha', 8.747856980439336), ('model__eta', 0.07585425946596479), ('model__max_depth', 1), ('model__min_child_weight', 0)])",0.832,0.831,0.821,0.845,0.84,0.8337999999999999,0.00823164625090268,39
0,0.44646296501159666,0.01397611315328379,0.016686773300170897,0.0007154826535447877,10.0,0.07492619157256691,4,0,"OrderedDict([('model__alpha', 10.0), ('model__eta', 0.07492619157256691), ('model__max_depth', 4), ('model__min_child_weight', 0)])",0.828,0.837,0.827,0.851,0.848,0.8382,0.009907572861200677,19
0,5.895647859573364,0.11771500764401327,0.028790044784545898,0.004085826664537675,7.142325596024289,0.01,15,0,"OrderedDict([('model__alpha', 7.142325596024289), ('model__eta', 0.01), ('model__max_depth', 15), ('model__min_child_weight', 0)])",0.826,0.819,0.819,0.828,0.827,0.8238,0.003969886648255845,46
0,0.4962337493896484,0.009655896277794083,0.024393320083618164,0.003730705736347441,8.617782919289589,0.10055145201108787,13,16,"OrderedDict([('model__alpha', 8.617782919289589), ('model__eta', 0.10055145201108787), ('model__max_depth', 13), ('model__min_child_weight', 16)])",0.829,0.836,0.829,0.856,0.854,0.8408,0.011889491158161491,6
0,0.6019020080566406,0.01934681876488938,0.024727869033813476,0.0025768641598859212,0.000740323857747975,0.04076020644865785,15,19,"OrderedDict([('model__alpha', 0.000740323857747975), ('model__eta', 0.04076020644865785), ('model__max_depth', 15), ('model__min_child_weight', 19)])",0.828,0.838,0.826,0.856,0.852,0.8400000000000001,0.012198360545581537,7
0,16.261354780197145,0.31655670233695105,0.04124383926391602,0.009494491806597833,0.0700725874402438,0.045617977041371015,16,0,"OrderedDict([('model__alpha', 0.0700725874402438), ('model__eta', 0.045617977041371015), ('model__max_depth', 16), ('model__min_child_weight', 0)])",0.828,0.838,0.834,0.839,0.842,0.8362,0.004833218389437833,30
0,0.5424860954284668,0.040141017223337426,0.02578425407409668,0.003608601244317272,0.0001,0.101,15,19,"OrderedDict([('model__alpha', 0.0001), ('model__eta', 0.101), ('model__max_depth', 15), ('model__min_child_weight', 19)])",0.831,0.84,0.829,0.842,0.851,0.8385999999999999,0.007964923100695957,14
0,0.5307859420776367,0.01043113391774411,0.023473072052001952,0.0015867482884527062,2.254230165170756,0.06387348942813949,19,19,"OrderedDict([('model__alpha', 2.254230165170756), ('model__eta', 0.06387348942813949), ('model__max_depth', 19), ('model__min_child_weight', 19)])",0.836,0.84,0.83,0.851,0.851,0.8416,0.008309031231136401,2
0,0.09542503356933593,0.005271979084752899,0.015470170974731445,0.0016928981787641434,0.0006777308110929012,0.07894486377882565,1,19,"OrderedDict([('model__alpha', 0.0006777308110929012), ('model__eta', 0.07894486377882565), ('model__max_depth', 1), ('model__min_child_weight', 19)])",0.83,0.832,0.821,0.842,0.844,0.8337999999999999,0.008400000000000008,39
0,0.5206377983093262,0.02768311965491728,0.02124948501586914,0.001120026289414481,2.9889419349954687,0.04212581720318003,19,19,"OrderedDict([('model__alpha', 2.9889419349954687), ('model__eta', 0.04212581720318003), ('model__max_depth', 19), ('model__min_child_weight', 19)])",0.831,0.838,0.823,0.849,0.851,0.8384,0.010613199329137289,17
0,0.5301623821258545,0.022076422365096625,0.026242685317993165,0.0044565312703582155,0.0010087607339656294,0.10012235993884848,19,19,"OrderedDict([('model__alpha', 0.0010087607339656294), ('model__eta', 0.10012235993884848), ('model__max_depth', 19), ('model__min_child_weight', 19)])",0.827,0.837,0.828,0.843,0.843,0.8356,0.006974238309665084,33
0,2.349288749694824,0.03279053013328531,0.02394580841064453,0.0020372340266377057,0.0001,0.03569752159911865,7,0,"OrderedDict([('model__alpha', 0.0001), ('model__eta', 0.03569752159911865), ('model__max_depth', 7), ('model__min_child_weight', 0)])",0.835,0.84,0.834,0.854,0.846,0.8417999999999999,0.007440430095095317,1
1,0.1853921890258789,0.00205273509327377,0.014909696578979493,0.001264980835917913,0.011233621690895234,0.07622304262913658,18,6,"OrderedDict([('model__alpha', 0.011233621690895234), ('model__eta', 0.07622304262913658), ('model__max_depth', 18), ('model__min_child_weight', 6)])",0.945,0.939,0.942,0.948,0.95,0.9447999999999999,0.003969886648255845,30
1,0.099373197555542,0.006895475692922119,0.009692955017089843,0.0003950242140088503,1.537948446580078,0.09038169024165847,6,18,"OrderedDict([('model__alpha', 1.537948446580078), ('model__eta', 0.09038169024165847), ('model__max_depth', 6), ('model__min_child_weight', 18)])",0.94,0.946,0.937,0.949,0.945,0.9433999999999999,0.004317406628984551,34
1,0.07624759674072265,0.003200815825951808,0.006790781021118164,0.0009490871088773512,0.016755699440936588,0.09360374947191331,3,8,"OrderedDict([('model__alpha', 0.016755699440936588), ('model__eta', 0.09360374947191331), ('model__max_depth', 3), ('model__min_child_weight', 8)])",0.932,0.94,0.938,0.933,0.936,0.9357999999999999,0.0029933259094191084,43
1,0.12001824378967285,0.0056153256843622075,0.00975193977355957,0.0008449573629844013,1.1533999859559563,0.025640312087087024,12,15,"OrderedDict([('model__alpha', 1.1533999859559563), ('model__eta', 0.025640312087087024), ('model__max_depth', 12), ('model__min_child_weight', 15)])",0.939,0.944,0.937,0.943,0.944,0.9414000000000001,0.002870540018881433,39
1,0.11578707695007324,0.004815399428360893,0.010192108154296876,0.0003166438360797796,0.9948719998234101,0.04986065596612403,10,14,"OrderedDict([('model__alpha', 0.9948719998234101), ('model__eta', 0.04986065596612403), ('model__max_depth', 10), ('model__min_child_weight', 14)])",0.944,0.945,0.94,0.95,0.944,0.9446,0.0032000000000000028,31
1,0.09041261672973633,0.004840364764789784,0.007111835479736328,0.0004894584987041351,0.4678860424711244,0.09548264612185224,4,4,"OrderedDict([('model__alpha', 0.4678860424711244), ('model__eta', 0.09548264612185224), ('model__max_depth', 4), ('model__min_child_weight', 4)])",0.943,0.946,0.943,0.943,0.941,0.9432,0.0016000000000000014,35
1,0.09671072959899903,0.007381543372217711,0.010979986190795899,0.001777878347928875,0.12172976749510152,0.08055815847333732,7,17,"OrderedDict([('model__alpha', 0.12172976749510152), ('model__eta', 0.08055815847333732), ('model__max_depth', 7), ('model__min_child_weight', 17)])",0.943,0.944,0.946,0.948,0.944,0.945,0.0017888543819998333,29
1,0.10356364250183106,0.008426093904332597,0.01089792251586914,0.0004717116594492675,0.05212131190318165,0.0937208396057958,10,16,"OrderedDict([('model__alpha', 0.05212131190318165), ('model__eta', 0.0937208396057958), ('model__max_depth', 10), ('model__min_child_weight', 16)])",0.942,0.949,0.942,0.947,0.945,0.9450000000000001,0.0027568097504180465,28
1,0.12511935234069824,0.004514576230886652,0.010709810256958007,0.0005306716727506256,5.9894912052679325,0.07375655146054431,17,8,"OrderedDict([('model__alpha', 5.9894912052679325), ('model__eta', 0.07375655146054431), ('model__max_depth', 17), ('model__min_child_weight', 8)])",0.95,0.944,0.945,0.95,0.945,0.9468,0.002638181191654586,20
1,0.16519689559936523,0.011097712414464887,0.014373064041137695,0.0008258621079083476,0.00010426811836320536,0.0844225317894014,14,5,"OrderedDict([('model__alpha', 0.00010426811836320536), ('model__eta', 0.0844225317894014), ('model__max_depth', 14), ('model__min_child_weight', 5)])",0.949,0.944,0.942,0.954,0.951,0.9479999999999998,0.004427188724235735,14
1,0.1909637928009033,0.006074674653592251,0.013675308227539063,0.00043900653586553346,0.0030078877068042227,0.07133018389461138,15,5,"OrderedDict([('model__alpha', 0.0030078877068042227), ('model__eta', 0.07133018389461138), ('model__max_depth', 15), ('model__min_child_weight', 5)])",0.946,0.943,0.942,0.954,0.951,0.9471999999999998,0.004621688003316541,19
1,0.8704088211059571,0.027979102114774626,0.01600055694580078,0.002260872719030158,0.17514566129234743,0.09090193028653319,11,0,"OrderedDict([('model__alpha', 0.17514566129234743), ('model__eta', 0.09090193028653319), ('model__max_depth', 11), ('model__min_child_weight', 0)])",0.946,0.953,0.944,0.944,0.943,0.946,0.0036331804249169933,25
1,1.2954598426818849,0.027677372958882895,0.013918733596801758,0.0018867533179419758,0.0002967300062114459,0.01945454049214606,19,0,"OrderedDict([('model__alpha', 0.0002967300062114459), ('model__eta', 0.01945454049214606), ('model__max_depth', 19), ('model__min_child_weight', 0)])",0.928,0.93,0.938,0.934,0.927,0.9314,0.004079215610874196,45
1,0.060998153686523435,0.0048519416095089965,0.006792449951171875,0.0012681506553683312,1.0377282751501054,0.01694289949502805,1,0,"OrderedDict([('model__alpha', 1.0377282751501054), ('model__eta', 0.01694289949502805), ('model__max_depth', 1), ('model__min_child_weight', 0)])",0.844,0.853,0.845,0.842,0.858,0.8484,0.006086049621881181,50
1,0.28935747146606444,0.007460207381456385,0.014687871932983399,0.0009916935389114616,10.0,0.101,19,0,"OrderedDict([('model__alpha', 10.0), ('model__eta', 0.101), ('model__max_depth', 19), ('model__min_child_weight', 0)])",0.948,0.947,0.953,0.952,0.949,0.9498,0.0023151673805580472,3
1,0.24416141510009765,0.007511376738113115,0.01485614776611328,0.001005921155324339,0.13784086676774315,0.101,16,2,"OrderedDict([('model__alpha', 0.13784086676774315), ('model__eta', 0.101), ('model__max_depth', 16), ('model__min_child_weight', 2)])",0.942,0.947,0.944,0.95,0.948,0.9461999999999999,0.0028565713714171423,22
1,0.3284031391143799,0.009445327721104067,0.014544248580932617,0.001804237741419526,10.0,0.05751075421579135,13,0,"OrderedDict([('model__alpha', 10.0), ('model__eta', 0.05751075421579135), ('model__max_depth', 13), ('model__min_child_weight', 0)])",0.949,0.945,0.947,0.951,0.948,0.9480000000000001,0.0020000000000000018,13
1,0.19732584953308105,0.007009896693415403,0.010895395278930664,0.003828459078817251,0.3498903479897765,0.010300512119692526,15,9,"OrderedDict([('model__alpha', 0.3498903479897765), ('model__eta', 0.010300512119692526), ('model__max_depth', 15), ('model__min_child_weight', 9)])",0.934,0.926,0.927,0.931,0.926,0.9288000000000001,0.003187475490101848,47
1,0.1574568271636963,0.007089194814395961,0.010708808898925781,0.0007099799449987052,0.0001238176814684199,0.10056046385544508,7,3,"OrderedDict([('model__alpha', 0.0001238176814684199), ('model__eta', 0.10056046385544508), ('model__max_depth', 7), ('model__min_child_weight', 3)])",0.944,0.942,0.945,0.949,0.947,0.9453999999999999,0.0024166091947189165,27
1,0.1077695369720459,0.004157749871568694,0.012070083618164062,0.0010885543319331251,0.0001,0.101,19,19,"OrderedDict([('model__alpha', 0.0001), ('model__eta', 0.101), ('model__max_depth', 19), ('model__min_child_weight', 19)])",0.946,0.944,0.944,0.949,0.946,0.9457999999999999,0.0018330302779823377,26
1,0.06192283630371094,0.00299952234613964,0.006808805465698242,0.001386824409636491,6.506232222737716,0.10071110267839534,1,11,"OrderedDict([('model__alpha', 6.506232222737716), ('model__eta', 0.10071110267839534), ('model__max_depth', 1), ('model__min_child_weight', 11)])",0.905,0.908,0.9,0.912,0.902,0.9054,0.004270831300812529,49
1,0.4402780532836914,0.012107982735040837,0.009453201293945312,0.0006611726714204372,0.0001,0.01,8,0,"OrderedDict([('model__alpha', 0.0001), ('model__eta', 0.01), ('model__max_depth', 8), ('model__min_child_weight', 0)])",0.933,0.931,0.922,0.931,0.931,0.9296,0.0038781438859330666,46
1,0.11298537254333496,0.00808718597546793,0.010206317901611328,0.000291863318875762,3.8854041988258676,0.10036256308466984,14,17,"OrderedDict([('model__alpha', 3.8854041988258676), ('model__eta', 0.10036256308466984), ('model__max_depth', 14), ('model__min_child_weight', 17)])",0.943,0.945,0.941,0.951,0.942,0.9443999999999999,0.0035552777669262386,32
1,0.13517179489135742,0.005274196365935796,0.012093400955200196,0.001047639045554594,0.0001,0.06417746390366932,12,19,"OrderedDict([('model__alpha', 0.0001), ('model__eta', 0.06417746390366932), ('model__max_depth', 12), ('model__min_child_weight', 19)])",0.942,0.937,0.939,0.946,0.939,0.9406000000000001,0.0031368774282716015,41
1,0.19257445335388185,0.004914661058376839,0.01027665138244629,0.0020216522844969027,4.643945573400464,0.06174674077698205,6,0,"OrderedDict([('model__alpha', 4.643945573400464), ('model__eta', 0.06174674077698205), ('model__max_depth', 6), ('model__min_child_weight', 0)])",0.949,0.946,0.945,0.947,0.944,0.9461999999999999,0.0017204650534085267,22
1,0.2304063320159912,0.0061032881832214095,0.013965082168579102,0.0009596096165834714,5.482219021451786,0.06769826640994317,19,2,"OrderedDict([('model__alpha', 5.482219021451786), ('model__eta', 0.06769826640994317), ('model__max_depth', 19), ('model__min_child_weight', 2)])",0.945,0.949,0.941,0.95,0.948,0.9466000000000001,0.0032619012860600205,21
1,0.35842061042785645,0.009854513456128063,0.013570690155029297,0.0018552957683751915,3.575133942535851,0.07975558387732536,9,0,"OrderedDict([('model__alpha', 3.575133942535851), ('model__eta', 0.07975558387732536), ('model__max_depth', 9), ('model__min_child_weight', 0)])",0.945,0.955,0.945,0.954,0.95,0.9498,0.004261455150532507,3
1,0.23387107849121094,0.009754793812810242,0.011969614028930663,0.001044290821156175,10.0,0.06673974410558403,8,0,"OrderedDict([('model__alpha', 10.0), ('model__eta', 0.06673974410558403), ('model__max_depth', 8), ('model__min_child_weight', 0)])",0.947,0.948,0.951,0.949,0.944,0.9478,0.0023151673805580472,16
1,0.2728142738342285,0.008566022114844168,0.012839651107788086,0.0012054120867525842,8.860570964981287,0.013216204838170017,11,1,"OrderedDict([('model__alpha', 8.860570964981287), ('model__eta', 0.013216204838170017), ('model__max_depth', 11), ('model__min_child_weight', 1)])",0.934,0.933,0.931,0.939,0.934,0.9342,0.002638181191654546,44
1,0.16194591522216797,0.007423076198934939,0.008258199691772461,0.00040889731916164706,0.0015673259287177128,0.10084220511442887,5,0,"OrderedDict([('model__alpha', 0.0015673259287177128), ('model__eta', 0.10084220511442887), ('model__max_depth', 5), ('model__min_child_weight', 0)])",0.947,0.945,0.947,0.95,0.95,0.9478,0.0019390719429665333,16
1,0.15493431091308593,0.007301412403374024,0.012161350250244141,0.0005124179738876964,6.6378596444950055,0.1007698263132665,8,4,"OrderedDict([('model__alpha', 6.6378596444950055), ('model__eta', 0.1007698263132665), ('model__max_depth', 8), ('model__min_child_weight', 4)])",0.951,0.946,0.948,0.95,0.949,0.9488,0.0017204650534085267,10
1,0.3208584785461426,0.0096479070512872,0.015799617767333983,0.0015287323780194583,0.00012039731888252633,0.09992101080570705,18,1,"OrderedDict([('model__alpha', 0.00012039731888252633), ('model__eta', 0.09992101080570705), ('model__max_depth', 18), ('model__min_child_weight', 1)])",0.943,0.951,0.943,0.953,0.949,0.9478,0.004118252056394804,16
1,0.4058074951171875,0.013173078700110035,0.015936279296875,0.0018561742961279845,4.650837345011882,0.0994341383727934,13,0,"OrderedDict([('model__alpha', 4.650837345011882), ('model__eta', 0.0994341383727934), ('model__max_depth', 13), ('model__min_child_weight', 0)])",0.948,0.95,0.943,0.954,0.947,0.9484,0.0036110940170535604,11
1,0.3238492488861084,0.01336064929682385,0.01482701301574707,0.0008638976983751976,10.0,0.07679295596996684,14,0,"OrderedDict([('model__alpha', 10.0), ('model__eta', 0.07679295596996684), ('model__max_depth', 14), ('model__min_child_weight', 0)])",0.947,0.948,0.953,0.954,0.95,0.9503999999999999,0.002727636339397174,1
1,0.3217496871948242,0.006418344746730814,0.015010213851928711,0.0005902687348478377,10.0,0.07710223357366838,15,0,"OrderedDict([('model__alpha', 10.0), ('model__eta', 0.07710223357366838), ('model__max_depth', 15), ('model__min_child_weight', 0)])",0.948,0.947,0.951,0.953,0.95,0.9498,0.0021354156504062643,3
1,0.4011176586151123,0.007107681669352069,0.013979530334472657,0.0009813036882437276,0.0002638557485664581,0.044880626384443754,17,1,"OrderedDict([('model__alpha', 0.0002638557485664581), ('model__eta', 0.044880626384443754), ('model__max_depth', 17), ('model__min_child_weight', 1)])",0.938,0.948,0.943,0.949,0.944,0.9443999999999999,0.003929376540877704,32
1,0.12408967018127441,0.019604968342014188,0.008211994171142578,9.585442180851029e-05,7.36347818866613,0.030045357064942067,6,18,"OrderedDict([('model__alpha', 7.36347818866613), ('model__eta', 0.030045357064942067), ('model__max_depth', 6), ('model__min_child_weight', 18)])",0.934,0.944,0.937,0.94,0.941,0.9392000000000001,0.0034292856398964043,42
1,0.2224259853363037,0.004854297073521456,0.011937618255615234,0.00032619147086598247,10.0,0.101,9,0,"OrderedDict([('model__alpha', 10.0), ('model__eta', 0.101), ('model__max_depth', 9), ('model__min_child_weight', 0)])",0.948,0.949,0.951,0.951,0.942,0.9481999999999999,0.003310589071449373,12
1,1.2108057498931886,0.036070851151130866,0.015522909164428712,0.0011302181017354659,0.00024344971781949934,0.04507343543689693,14,0,"OrderedDict([('model__alpha', 0.00024344971781949934), ('model__eta', 0.04507343543689693), ('model__max_depth', 14), ('model__min_child_weight', 0)])",0.945,0.945,0.942,0.943,0.941,0.9432,0.0016000000000000014,35
1,1.4681738376617433,0.02264703777086334,0.019223785400390624,0.0022756108728488596,0.0001,0.101,19,0,"OrderedDict([('model__alpha', 0.0001), ('model__eta', 0.101), ('model__max_depth', 19), ('model__min_child_weight', 0)])",0.945,0.947,0.943,0.95,0.946,0.9461999999999999,0.0023151673805580472,22
1,0.10988483428955079,0.0024961509277896476,0.0070683956146240234,0.0004528211710696199,0.00014920299177501397,0.06684409299458158,4,1,"OrderedDict([('model__alpha', 0.00014920299177501397), ('model__eta', 0.06684409299458158), ('model__max_depth', 4), ('model__min_child_weight', 1)])",0.933,0.949,0.942,0.944,0.938,0.9411999999999999,0.005418486873657599,40
1,0.4080076217651367,0.01579269293494876,0.012069034576416015,0.0012347288110172154,0.0003501633202426932,0.04630446520815295,8,0,"OrderedDict([('model__alpha', 0.0003501633202426932), ('model__eta', 0.04630446520815295), ('model__max_depth', 8), ('model__min_child_weight', 0)])",0.946,0.954,0.945,0.948,0.947,0.9479999999999998,0.003162277660168382,14
1,0.117181396484375,0.005697690784211212,0.010094594955444337,0.0007049263291470306,6.5970860759471925,0.05231799872611777,19,18,"OrderedDict([('model__alpha', 6.5970860759471925), ('model__eta', 0.05231799872611777), ('model__max_depth', 19), ('model__min_child_weight', 18)])",0.941,0.948,0.942,0.946,0.938,0.9429999999999998,0.0035777087639996667,38
1,0.11721410751342773,0.004154708274015823,0.010538959503173828,0.001448083829680851,7.838979853179123,0.05193087698840511,16,17,"OrderedDict([('model__alpha', 7.838979853179123), ('model__eta', 0.05193087698840511), ('model__max_depth', 16), ('model__min_child_weight', 17)])",0.94,0.95,0.943,0.944,0.938,0.943,0.0040987803063838426,37
1,0.30710740089416505,0.010143498888959643,0.01445012092590332,0.001124665127202508,10.0,0.08160286061033853,14,0,"OrderedDict([('model__alpha', 10.0), ('model__eta', 0.08160286061033853), ('model__max_depth', 14), ('model__min_child_weight', 0)])",0.949,0.948,0.949,0.953,0.949,0.9495999999999999,0.001743559577416271,8
1,0.35793466567993165,0.004593437485523559,0.017072153091430665,0.0009737018903718346,10.0,0.0827065763026614,15,0,"OrderedDict([('model__alpha', 10.0), ('model__eta', 0.0827065763026614), ('model__max_depth', 15), ('model__min_child_weight', 0)])",0.947,0.95,0.952,0.953,0.949,0.9501999999999999,0.0021354156504062643,2
1,0.17388787269592285,0.005548175614329548,0.008085346221923828,0.0007203981962474638,0.0017637723935721647,0.011113110763676964,5,0,"OrderedDict([('model__alpha', 0.0017637723935721647), ('model__eta', 0.011113110763676964), ('model__max_depth', 5), ('model__min_child_weight', 0)])",0.913,0.914,0.915,0.918,0.92,0.916,0.0026076809620810618,48
1,0.31022276878356936,0.011258764412014172,0.014174604415893554,0.0010289975245336503,10.0,0.08253341744169695,14,0,"OrderedDict([('model__alpha', 10.0), ('model__eta', 0.08253341744169695), ('model__max_depth', 14), ('model__min_child_weight', 0)])",0.95,0.946,0.952,0.951,0.949,0.9496,0.002059126028197402,7
1,0.36516623497009276,0.0118586676957053,0.015440750122070312,0.0016802130726419583,10.0,0.08312461773735214,15,0,"OrderedDict([('model__alpha', 10.0), ('model__eta', 0.08312461773735214), ('model__max_depth', 15), ('model__min_child_weight', 0)])",0.948,0.949,0.953,0.952,0.947,0.9498,0.0023151673805580472,3
1,0.33920998573303224,0.01097669580104785,0.01565685272216797,0.00045747167990246916,10.0,0.07940876257887491,14,0,"OrderedDict([('model__alpha', 10.0), ('model__eta', 0.07940876257887491), ('model__max_depth', 14), ('model__min_child_weight', 0)])",0.948,0.946,0.95,0.953,0.949,0.9491999999999999,0.0023151673805580472,9
2,0.20021204948425292,0.00653109279361854,0.017563772201538087,0.00033638343405884523,0.011233621690895234,0.07622304262913658,18,6,"OrderedDict([('model__alpha', 0.011233621690895234), ('model__eta', 0.07622304262913658), ('model__max_depth', 18), ('model__min_child_weight', 6)])",0.909,0.907,0.894,0.897,0.901,0.9016,0.005713142742834285,3
2,0.12370376586914063,0.010333427073071205,0.010969591140747071,0.000262435178629816,1.537948446580078,0.09038169024165847,6,18,"OrderedDict([('model__alpha', 1.537948446580078), ('model__eta', 0.09038169024165847), ('model__max_depth', 6), ('model__min_child_weight', 18)])",0.909,0.9,0.888,0.891,0.886,0.8948,0.00856504524214555,46
2,0.09039678573608398,0.008930166888129667,0.0076807975769042965,0.0005377470582509162,0.016755699440936588,0.09360374947191331,3,8,"OrderedDict([('model__alpha', 0.016755699440936588), ('model__eta', 0.09360374947191331), ('model__max_depth', 3), ('model__min_child_weight', 8)])",0.907,0.895,0.89,0.896,0.902,0.898,0.0058991524815010556,32
2,0.12757344245910646,0.009382524169787658,0.011818361282348634,0.001966544018563832,1.1533999859559563,0.025640312087087024,12,15,"OrderedDict([('model__alpha', 1.1533999859559563), ('model__eta', 0.025640312087087024), ('model__max_depth', 12), ('model__min_child_weight', 15)])",0.906,0.904,0.888,0.9,0.895,0.8986000000000001,0.006499230723708774,26
2,0.12994208335876464,0.00780628948887714,0.013023042678833007,0.0011698703209212246,0.9948719998234101,0.04986065596612403,10,14,"OrderedDict([('model__alpha', 0.9948719998234101), ('model__eta', 0.04986065596612403), ('model__max_depth', 10), ('model__min_child_weight', 14)])",0.911,0.899,0.894,0.896,0.895,0.899,0.0062289646009589805,20
2,0.103680419921875,0.007920856808850558,0.008590364456176757,0.0005986393150530953,0.4678860424711244,0.09548264612185224,4,4,"OrderedDict([('model__alpha', 0.4678860424711244), ('model__eta', 0.09548264612185224), ('model__max_depth', 4), ('model__min_child_weight', 4)])",0.915,0.909,0.886,0.898,0.901,0.9018,0.009907572861200677,1
2,0.11817231178283691,0.007179857866310526,0.01193704605102539,0.0011706424351642921,0.12172976749510152,0.08055815847333732,7,17,"OrderedDict([('model__alpha', 0.12172976749510152), ('model__eta', 0.08055815847333732), ('model__max_depth', 7), ('model__min_child_weight', 17)])",0.91,0.897,0.897,0.888,0.891,0.8966,0.00755248303539969,42
2,0.1273374080657959,0.0032244994445557724,0.01414337158203125,0.0016465742310089358,0.05212131190318165,0.0937208396057958,10,16,"OrderedDict([('model__alpha', 0.05212131190318165), ('model__eta', 0.0937208396057958), ('model__max_depth', 10), ('model__min_child_weight', 16)])",0.915,0.901,0.893,0.892,0.899,0.9,0.00824621125123533,11
2,0.14667682647705077,0.006253398681619785,0.014540958404541015,0.0006042448671996621,5.9894912052679325,0.07375655146054431,17,8,"OrderedDict([('model__alpha', 5.9894912052679325), ('model__eta', 0.07375655146054431), ('model__max_depth', 17), ('model__min_child_weight', 8)])",0.913,0.899,0.889,0.89,0.899,0.898,0.008625543461139138,32
2,0.2196441650390625,0.005593486525452735,0.018398571014404296,0.000616854182022542,0.00010426811836320536,0.0844225317894014,14,5,"OrderedDict([('model__alpha', 0.00010426811836320536), ('model__eta', 0.0844225317894014), ('model__max_depth', 14), ('model__min_child_weight', 5)])",0.91,0.906,0.894,0.898,0.901,0.9018,0.005670978751503135,1
2,0.317352819442749,0.004072579485206699,0.017784786224365235,0.0021915209790202427,0.0003480329501345634,0.0104428348853975,18,2,"OrderedDict([('model__alpha', 0.0003480329501345634), ('model__eta', 0.0104428348853975), ('model__max_depth', 18), ('model__min_child_weight', 2)])",0.895,0.894,0.895,0.897,0.893,0.8948,0.001326649916142161,46
2,0.08294410705566406,0.005447070788901093,0.008451223373413086,0.000548873186946123,0.00022050084248896164,0.09230544778342202,2,12,"OrderedDict([('model__alpha', 0.00022050084248896164), ('model__eta', 0.09230544778342202), ('model__max_depth', 2), ('model__min_child_weight', 12)])",0.907,0.9,0.89,0.898,0.899,0.8987999999999999,0.005418486873657632,25
2,0.153015661239624,0.007810048590331835,0.011373567581176757,0.0008805305795317068,3.6514932072948834,0.012346769848490775,19,10,"OrderedDict([('model__alpha', 3.6514932072948834), ('model__eta', 0.012346769848490775), ('model__max_depth', 19), ('model__min_child_weight', 10)])",0.892,0.895,0.891,0.894,0.891,0.8926000000000001,0.0016248076809271936,49
2,1.246941900253296,0.03388554681627809,0.020800447463989256,0.0023407872210221368,0.00016568728144171553,0.055784641652577,14,0,"OrderedDict([('model__alpha', 0.00016568728144171553), ('model__eta', 0.055784641652577), ('model__max_depth', 14), ('model__min_child_weight', 0)])",0.912,0.908,0.885,0.892,0.899,0.8992000000000001,0.00994786409235672,15
2,0.21768131256103515,0.00188692871891644,0.010399818420410156,0.0003223148664713434,0.16130241684779328,0.10073731257461503,6,0,"OrderedDict([('model__alpha', 0.16130241684779328), ('model__eta', 0.10073731257461503), ('model__max_depth', 6), ('model__min_child_weight', 0)])",0.92,0.905,0.888,0.894,0.898,0.901,0.010990905331227279,6
2,0.1547987937927246,0.004017448948810918,0.010920047760009766,0.000996365921330447,0.5233026454708856,0.010020540015122092,6,6,"OrderedDict([('model__alpha', 0.5233026454708856), ('model__eta', 0.010020540015122092), ('model__max_depth', 6), ('model__min_child_weight', 6)])",0.89,0.893,0.897,0.895,0.889,0.8927999999999999,0.0029933259094191557,48
2,1.1204593181610107,0.03579420466926334,0.019857025146484374,0.00228360720605283,0.0001,0.08327980949621536,14,0,"OrderedDict([('model__alpha', 0.0001), ('model__eta', 0.08327980949621536), ('model__max_depth', 14), ('model__min_child_weight', 0)])",0.913,0.906,0.889,0.894,0.894,0.8992000000000001,0.008885943956609233,15
2,0.1462780475616455,0.008905897048332043,0.012134981155395509,0.0020636208377590943,0.07109348029512837,0.010155849496642996,8,19,"OrderedDict([('model__alpha', 0.07109348029512837), ('model__eta', 0.010155849496642996), ('model__max_depth', 8), ('model__min_child_weight', 19)])",0.886,0.884,0.886,0.888,0.883,0.8854,0.001743559577416271,50
2,0.3775197505950928,0.00851932601322031,0.015219831466674804,0.0015452006267170516,4.587995986271727,0.03531843651084444,10,0,"OrderedDict([('model__alpha', 4.587995986271727), ('model__eta', 0.03531843651084444), ('model__max_depth', 10), ('model__min_child_weight', 0)])",0.907,0.9,0.886,0.893,0.896,0.8964000000000001,0.007002856560004645,43
2,0.1589794158935547,0.007398410231475312,0.013075780868530274,0.0011203139546239914,0.000345753654060203,0.0384951588488542,9,19,"OrderedDict([('model__alpha', 0.000345753654060203), ('model__eta', 0.0384951588488542), ('model__max_depth', 9), ('model__min_child_weight', 19)])",0.904,0.904,0.893,0.898,0.896,0.899,0.004381780460041332,20
2,0.10596194267272949,0.005190031778161297,0.010223388671875,0.0015109111509752494,0.37421264843248253,0.061681654199420136,4,19,"OrderedDict([('model__alpha', 0.37421264843248253), ('model__eta', 0.061681654199420136), ('model__max_depth', 4), ('model__min_child_weight', 19)])",0.91,0.901,0.895,0.892,0.894,0.8984,0.006529931086925809,29
2,0.3217923164367676,0.006973127182035263,0.015828561782836915,0.0010932252362419487,8.483282701926584,0.06762965643981939,15,0,"OrderedDict([('model__alpha', 8.483282701926584), ('model__eta', 0.06762965643981939), ('model__max_depth', 15), ('model__min_child_weight', 0)])",0.911,0.902,0.885,0.89,0.895,0.8966000000000001,0.009134549797335396,41
2,0.13292875289916992,0.005481234601907283,0.012492895126342773,0.001014793800761431,0.00025246650003721494,0.1005580635719227,17,19,"OrderedDict([('model__alpha', 0.00025246650003721494), ('model__eta', 0.1005580635719227), ('model__max_depth', 17), ('model__min_child_weight', 19)])",0.907,0.898,0.887,0.886,0.898,0.8952,0.007833262411026462,44
2,0.5452848911285401,0.013324429903572898,0.014365530014038086,0.0018936531805149892,0.00010654478862227782,0.101,10,0,"OrderedDict([('model__alpha', 0.00010654478862227782), ('model__eta', 0.101), ('model__max_depth', 10), ('model__min_child_weight', 0)])",0.915,0.907,0.885,0.89,0.906,0.9006000000000001,0.011253443917308169,8
2,1.2737064838409424,0.027345826925711907,0.019756889343261717,0.0016977756355846152,0.00048545015145799324,0.09774336660706906,16,0,"OrderedDict([('model__alpha', 0.00048545015145799324), ('model__eta', 0.09774336660706906), ('model__max_depth', 16), ('model__min_child_weight', 0)])",0.915,0.913,0.885,0.895,0.898,0.9012,0.011320777358467935,4
2,0.11687092781066895,0.009933262452820474,0.011857366561889649,0.00803454658536699,0.000573642174267761,0.08716603841639524,3,0,"OrderedDict([('model__alpha', 0.000573642174267761), ('model__eta', 0.08716603841639524), ('model__max_depth', 3), ('model__min_child_weight', 0)])",0.913,0.897,0.891,0.906,0.899,0.9012,0.007600000000000007,4
2,0.77440505027771,0.03639247753157089,0.016477584838867188,0.0026871280788689153,0.0008247366387466684,0.023753459427205068,11,0,"OrderedDict([('model__alpha', 0.0008247366387466684), ('model__eta', 0.023753459427205068), ('model__max_depth', 11), ('model__min_child_weight', 0)])",0.907,0.906,0.887,0.893,0.891,0.8968,0.008158431221748462,40
2,0.24788875579833985,0.00607099568473623,0.01607503890991211,0.0015345058248192307,8.902696658538883,0.09196050343832349,14,0,"OrderedDict([('model__alpha', 8.902696658538883), ('model__eta', 0.09196050343832349), ('model__max_depth', 14), ('model__min_child_weight', 0)])",0.917,0.902,0.893,0.894,0.89,0.8991999999999999,0.009744742172063876,18
2,0.2063387393951416,0.006726589903222343,0.015700054168701173,0.0005734851019528719,0.00010141608492053567,0.04238920767217651,19,8,"OrderedDict([('model__alpha', 0.00010141608492053567), ('model__eta', 0.04238920767217651), ('model__max_depth', 19), ('model__min_child_weight', 8)])",0.912,0.897,0.891,0.892,0.899,0.8981999999999999,0.007520638270785272,31
2,0.1417705535888672,0.00701628293577485,0.014079618453979491,0.0022008760217380294,0.0002375538046423071,0.04864876544338441,18,19,"OrderedDict([('model__alpha', 0.0002375538046423071), ('model__eta', 0.04864876544338441), ('model__max_depth', 18), ('model__min_child_weight', 19)])",0.909,0.899,0.889,0.894,0.895,0.8972000000000001,0.0067052218456960895,37
2,0.5385066509246826,0.016008132395725985,0.01587200164794922,0.0011025752089304825,1.6489851579628423,0.047015963043736876,10,0,"OrderedDict([('model__alpha', 1.6489851579628423), ('model__eta', 0.047015963043736876), ('model__max_depth', 10), ('model__min_child_weight', 0)])",0.915,0.905,0.884,0.886,0.903,0.8986000000000001,0.01184229707446998,26
2,0.8276374816894532,0.03199362585995174,0.018187332153320312,0.0012348316998029708,0.0001620112727096766,0.101,12,0,"OrderedDict([('model__alpha', 0.0001620112727096766), ('model__eta', 0.101), ('model__max_depth', 12), ('model__min_child_weight', 0)])",0.917,0.906,0.886,0.895,0.9,0.9008,0.010419213022104894,7
2,0.1157524585723877,0.007364427438136711,0.011276483535766602,0.0014331375971465207,0.0001323449155391086,0.05491539072294749,5,19,"OrderedDict([('model__alpha', 0.0001323449155391086), ('model__eta', 0.05491539072294749), ('model__max_depth', 5), ('model__min_child_weight', 19)])",0.908,0.9,0.893,0.892,0.892,0.897,0.006260990336999417,38
2,0.10036745071411132,0.007357960692635354,0.00901203155517578,0.0012442221021738992,0.9121401756495952,0.0968164835586285,3,10,"OrderedDict([('model__alpha', 0.9121401756495952), ('model__eta', 0.0968164835586285), ('model__max_depth', 3), ('model__min_child_weight', 10)])",0.911,0.899,0.895,0.895,0.896,0.8992000000000001,0.006079473661428271,15
2,0.15948123931884767,0.006129053414385808,0.00974102020263672,0.0006255268704145356,4.997918947990158,0.101,5,0,"OrderedDict([('model__alpha', 4.997918947990158), ('model__eta', 0.101), ('model__max_depth', 5), ('model__min_child_weight', 0)])",0.911,0.903,0.886,0.893,0.894,0.8974,0.008685620300243392,36
2,0.18209738731384278,0.007601544819575563,0.014448070526123047,0.0007828414354609413,0.00017201222206277394,0.0618782178518955,16,10,"OrderedDict([('model__alpha', 0.00017201222206277394), ('model__eta', 0.0618782178518955), ('model__max_depth', 16), ('model__min_child_weight', 10)])",0.913,0.9,0.891,0.898,0.898,0.9,0.007183313998427194,11
2,0.23945155143737792,0.006386591387762015,0.018206787109375,0.0012386343113470373,0.0001,0.08985586389568931,18,3,"OrderedDict([('model__alpha', 0.0001), ('model__eta', 0.08985586389568931), ('model__max_depth', 18), ('model__min_child_weight', 3)])",0.914,0.901,0.888,0.886,0.899,0.8976,0.0100915806492343,35
2,0.5433104515075684,0.028042827861990288,0.015313100814819337,0.0023470705727350574,0.0008263291593414589,0.101,10,0,"OrderedDict([('model__alpha', 0.0008263291593414589), ('model__eta', 0.101), ('model__max_depth', 10), ('model__min_child_weight', 0)])",0.914,0.907,0.882,0.89,0.9,0.8986000000000001,0.011482160075525868,26
2,0.13328680992126465,0.00511378059230753,0.013914537429809571,0.0007480519665839788,0.00014484585048930374,0.07228102414732052,14,19,"OrderedDict([('model__alpha', 0.00014484585048930374), ('model__eta', 0.07228102414732052), ('model__max_depth', 14), ('model__min_child_weight', 19)])",0.907,0.897,0.894,0.893,0.899,0.898,0.004979959839195497,32
2,1.364353895187378,0.03809616360509532,0.022979593276977538,0.0026781393143344035,0.00018836448565967608,0.08585612749074589,17,0,"OrderedDict([('model__alpha', 0.00018836448565967608), ('model__eta', 0.08585612749074589), ('model__max_depth', 17), ('model__min_child_weight', 0)])",0.914,0.907,0.882,0.899,0.893,0.899,0.011081516141756065,20
2,0.10674018859863281,0.004681973348648569,0.010341405868530273,0.0005719333045328857,0.0015424056530493426,0.10095788463876927,4,19,"OrderedDict([('model__alpha', 0.0015424056530493426), ('model__eta', 0.10095788463876927), ('model__max_depth', 4), ('model__min_child_weight', 19)])",0.911,0.903,0.891,0.893,0.887,0.8969999999999999,0.008763560920082665,39
2,0.11930322647094727,0.003949277556556331,0.009625625610351563,0.0008081242724686067,0.00034088270388079743,0.03226938535089008,4,19,"OrderedDict([('model__alpha', 0.00034088270388079743), ('model__eta', 0.03226938535089008), ('model__max_depth', 4), ('model__min_child_weight', 19)])",0.901,0.904,0.898,0.895,0.893,0.8982000000000001,0.003969886648255845,30
2,0.10204858779907226,0.005910561395788337,0.009082603454589843,0.0007959904025193425,6.429304791877707,0.03225392458950971,3,9,"OrderedDict([('model__alpha', 6.429304791877707), ('model__eta', 0.03225392458950971), ('model__max_depth', 3), ('model__min_child_weight', 9)])",0.897,0.899,0.898,0.889,0.892,0.8950000000000001,0.003847076812334272,45
2,0.16803326606750488,0.005609776313300654,0.009750556945800782,0.0004934462283982587,0.0009356702693925283,0.06412586658145603,5,0,"OrderedDict([('model__alpha', 0.0009356702693925283), ('model__eta', 0.06412586658145603), ('model__max_depth', 5), ('model__min_child_weight', 0)])",0.912,0.903,0.884,0.901,0.896,0.8991999999999999,0.009195651146058128,18
2,0.2381352424621582,0.003502758982097741,0.010298919677734376,0.0008058781648667591,0.0001,0.08811067871817176,6,0,"OrderedDict([('model__alpha', 0.0001), ('model__eta', 0.08811067871817176), ('model__max_depth', 6), ('model__min_child_weight', 0)])",0.92,0.906,0.885,0.896,0.894,0.9002000000000001,0.011939849245279448,10
2,0.563865852355957,0.023212594060428218,0.015599346160888672,0.0005611326521911274,0.0001,0.101,10,0,"OrderedDict([('model__alpha', 0.0001), ('model__eta', 0.101), ('model__max_depth', 10), ('model__min_child_weight', 0)])",0.915,0.907,0.885,0.89,0.906,0.9006000000000001,0.011253443917308169,8
2,0.08927502632141113,0.004652978335034582,0.008306026458740234,0.00123359282402885,0.0005721720158460625,0.0806607669994596,2,12,"OrderedDict([('model__alpha', 0.0005721720158460625), ('model__eta', 0.0806607669994596), ('model__max_depth', 2), ('model__min_child_weight', 12)])",0.903,0.901,0.894,0.9,0.899,0.8994,0.0030066592756745844,14
2,1.3320315837860108,0.033994514368251565,0.021993160247802734,0.0009371540290851626,0.1795395129728143,0.09533512696981412,19,0,"OrderedDict([('model__alpha', 0.1795395129728143), ('model__eta', 0.09533512696981412), ('model__max_depth', 19), ('model__min_child_weight', 0)])",0.909,0.906,0.889,0.893,0.898,0.8989999999999998,0.0075630681604756216,24
2,0.20196905136108398,0.009390750212092876,0.019148969650268556,0.0011886898735203213,0.0001,0.101,18,5,"OrderedDict([('model__alpha', 0.0001), ('model__eta', 0.101), ('model__max_depth', 18), ('model__min_child_weight', 5)])",0.913,0.909,0.888,0.886,0.899,0.899,0.010825894882179497,20
2,0.10335559844970703,0.003219885325867447,0.009759998321533203,0.0022958045455532938,0.0001,0.08083073358524283,3,0,"OrderedDict([('model__alpha', 0.0001), ('model__eta', 0.08083073358524283), ('model__max_depth', 3), ('model__min_child_weight', 0)])",0.914,0.897,0.889,0.899,0.9,0.8998000000000002,0.008084553172563102,13
3,0.24008631706237793,0.007940520285980437,0.02734031677246094,0.0020657980196844635,0.011233621690895234,0.07622304262913658,18,6,"OrderedDict([('model__alpha', 0.011233621690895234), ('model__eta', 0.07622304262913658), ('model__max_depth', 18), ('model__min_child_weight', 6)])",0.995,0.991,0.992,0.996,0.998,0.9944,0.0025768197453450276,26
3,0.13020381927490235,0.0050318739804307115,0.01632213592529297,0.0013002574049134146,1.537948446580078,0.09038169024165847,6,18,"OrderedDict([('model__alpha', 1.537948446580078), ('model__eta', 0.09038169024165847), ('model__max_depth', 6), ('model__min_child_weight', 18)])",0.966,0.979,0.969,0.969,0.97,0.9705999999999999,0.0044090815370097245,43
3,0.08937296867370606,0.0054720314436292146,0.011655187606811524,0.000431330446701033,0.016755699440936588,0.09360374947191331,3,8,"OrderedDict([('model__alpha', 0.016755699440936588), ('model__eta', 0.09360374947191331), ('model__max_depth', 3), ('model__min_child_weight', 8)])",0.898,0.916,0.913,0.912,0.906,0.909,0.00638748776906853,49
3,0.1870523452758789,0.008888681041354866,0.019936847686767577,0.0005624107080394802,1.1533999859559563,0.025640312087087024,12,15,"OrderedDict([('model__alpha', 1.1533999859559563), ('model__eta', 0.025640312087087024), ('model__max_depth', 12), ('model__min_child_weight', 15)])",0.966,0.971,0.973,0.96,0.96,0.966,0.0054037024344425226,44
3,0.17231416702270508,0.010557130056035348,0.018056297302246095,0.0004861482770095858,0.9948719998234101,0.04986065596612403,10,14,"OrderedDict([('model__alpha', 0.9948719998234101), ('model__eta', 0.04986065596612403), ('model__max_depth', 10), ('model__min_child_weight', 14)])",0.985,0.984,0.981,0.98,0.981,0.9822,0.0019390719429665333,38
3,0.0996206283569336,0.004230000822992302,0.013632774353027344,0.0018523224557775442,0.4678860424711244,0.09548264612185224,4,4,"OrderedDict([('model__alpha', 0.4678860424711244), ('model__eta', 0.09548264612185224), ('model__max_depth', 4), ('model__min_child_weight', 4)])",0.938,0.959,0.944,0.947,0.941,0.9458,0.007249827584156749,45
3,0.13186264038085938,0.0069868625518155255,0.01626248359680176,0.0011183370187444915,0.12172976749510152,0.08055815847333732,7,17,"OrderedDict([('model__alpha', 0.12172976749510152), ('model__eta', 0.08055815847333732), ('model__max_depth', 7), ('model__min_child_weight', 17)])",0.979,0.982,0.976,0.979,0.976,0.9783999999999999,0.002244994432064367,39
3,0.14766039848327636,0.008488901622169967,0.018375444412231445,0.0010883954361584063,0.05212131190318165,0.0937208396057958,10,16,"OrderedDict([('model__alpha', 0.05212131190318165), ('model__eta', 0.0937208396057958), ('model__max_depth', 10), ('model__min_child_weight', 16)])",0.988,0.991,0.988,0.992,0.987,0.9892,0.0019390719429665333,32
3,0.20094561576843262,0.010539615603198787,0.0225372314453125,0.0027076423981097623,5.9894912052679325,0.07375655146054431,17,8,"OrderedDict([('model__alpha', 5.9894912052679325), ('model__eta', 0.07375655146054431), ('model__max_depth', 17), ('model__min_child_weight', 8)])",0.991,0.989,0.989,0.986,0.991,0.9892,0.0018330302779823377,32
3,0.2185811996459961,0.007091487946448028,0.02325410842895508,0.002164767382762495,0.00010426811836320536,0.0844225317894014,14,5,"OrderedDict([('model__alpha', 0.00010426811836320536), ('model__eta', 0.0844225317894014), ('model__max_depth', 14), ('model__min_child_weight', 5)])",0.997,0.995,0.993,0.996,0.999,0.9959999999999999,0.0020000000000000018,24
3,0.31115570068359377,0.009737044296770976,0.02401280403137207,0.0017390077394998558,0.928563428620641,0.101,16,1,"OrderedDict([('model__alpha', 0.928563428620641), ('model__eta', 0.101), ('model__max_depth', 16), ('model__min_child_weight', 1)])",0.999,0.997,0.999,0.996,1.0,0.9982,0.0014696938456699082,12
3,0.6240364074707031,0.024911659081803077,0.02553114891052246,0.0008525075840138062,0.026094171805095843,0.101,12,0,"OrderedDict([('model__alpha', 0.026094171805095843), ('model__eta', 0.101), ('model__max_depth', 12), ('model__min_child_weight', 0)])",1.0,0.997,0.998,0.998,1.0,0.9986,0.0012000000000000012,3
3,0.2354891300201416,0.010369919533526074,0.017420578002929687,0.0009380269069717105,10.0,0.101,8,0,"OrderedDict([('model__alpha', 10.0), ('model__eta', 0.101), ('model__max_depth', 8), ('model__min_child_weight', 0)])",0.99,0.986,0.984,0.991,0.991,0.9884000000000001,0.002870540018881467,34
3,0.7676278591156006,0.011418240976331512,0.030448770523071288,0.0031719862999401998,0.0001,0.101,19,0,"OrderedDict([('model__alpha', 0.0001), ('model__eta', 0.101), ('model__max_depth', 19), ('model__min_child_weight', 0)])",1.0,0.998,0.997,0.998,1.0,0.9986,0.001200000000000001,3
3,0.16821656227111817,0.004616454211213675,0.020339775085449218,0.002989931529552971,10.0,0.101,19,19,"OrderedDict([('model__alpha', 10.0), ('model__eta', 0.101), ('model__max_depth', 19), ('model__min_child_weight', 19)])",0.974,0.979,0.97,0.975,0.975,0.9746,0.002870540018881467,41
3,0.6856500148773194,0.03373858822151835,0.02135500907897949,0.0019392257852854876,0.0001,0.01,19,0,"OrderedDict([('model__alpha', 0.0001), ('model__eta', 0.01), ('model__max_depth', 19), ('model__min_child_weight', 0)])",0.993,0.992,0.984,0.99,0.989,0.9895999999999999,0.003136877428271627,31
3,0.7456834316253662,0.02139461070486626,0.027630138397216796,0.001500535474778938,0.0001,0.101,17,0,"OrderedDict([('model__alpha', 0.0001), ('model__eta', 0.101), ('model__max_depth', 17), ('model__min_child_weight', 0)])",0.999,0.998,0.996,0.998,1.0,0.9982,0.001326649916142161,12
3,0.6064988136291504,0.039814405325926366,0.019243764877319335,0.0019404645772522343,0.004195859254187143,0.01,15,0,"OrderedDict([('model__alpha', 0.004195859254187143), ('model__eta', 0.01), ('model__max_depth', 15), ('model__min_child_weight', 0)])",0.987,0.992,0.985,0.978,0.978,0.984,0.0054037024344425226,37
3,0.5112712860107422,0.01269166100088655,0.02605443000793457,0.003804329036152299,0.0001,0.101,11,0,"OrderedDict([('model__alpha', 0.0001), ('model__eta', 0.101), ('model__max_depth', 11), ('model__min_child_weight', 0)])",1.0,0.998,1.0,0.997,1.0,0.999,0.0012649110640673528,1
3,0.2139716625213623,0.006381574990785809,0.014075422286987304,0.00091118235508641,0.0001,0.01,6,0,"OrderedDict([('model__alpha', 0.0001), ('model__eta', 0.01), ('model__max_depth', 6), ('model__min_child_weight', 0)])",0.905,0.935,0.915,0.918,0.913,0.9172,0.00988736567544663,48
3,0.7328206062316894,0.018442800928751068,0.02681598663330078,0.002904795520925921,0.0001,0.06196440335731395,19,0,"OrderedDict([('model__alpha', 0.0001), ('model__eta', 0.06196440335731395), ('model__max_depth', 19), ('model__min_child_weight', 0)])",0.999,0.997,0.996,0.998,1.0,0.998,0.0014142135623730963,16
3,0.19702506065368652,0.010099248930960628,0.019451093673706055,0.0007214699275226519,0.0001,0.101,11,6,"OrderedDict([('model__alpha', 0.0001), ('model__eta', 0.101), ('model__max_depth', 11), ('model__min_child_weight', 6)])",0.995,0.995,0.993,0.998,1.0,0.9962,0.0024819347291981735,23
3,0.6162744522094726,0.02284037168880957,0.022289133071899413,0.001426261538080983,10.0,0.01,19,0,"OrderedDict([('model__alpha', 10.0), ('model__eta', 0.01), ('model__max_depth', 19), ('model__min_child_weight', 0)])",0.964,0.983,0.965,0.983,0.97,0.9730000000000001,0.00841427358718506,42
3,0.7076174736022949,0.016489117604072952,0.025250005722045898,0.0018672232071252717,0.005847952241119907,0.101,15,0,"OrderedDict([('model__alpha', 0.005847952241119907), ('model__eta', 0.101), ('model__max_depth', 15), ('model__min_child_weight', 0)])",0.999,0.998,0.998,0.998,1.0,0.9986,0.0008000000000000007,3
3,0.16243972778320312,0.009483686574118544,0.01824345588684082,0.001396300240257115,0.0001,0.101,19,19,"OrderedDict([('model__alpha', 0.0001), ('model__eta', 0.101), ('model__max_depth', 19), ('model__min_child_weight', 19)])",0.99,0.988,0.985,0.986,0.99,0.9878,0.002039607805437116,36
3,0.632323932647705,0.025179178527378505,0.025258684158325197,0.001382983171016936,0.0001,0.101,13,0,"OrderedDict([('model__alpha', 0.0001), ('model__eta', 0.101), ('model__max_depth', 13), ('model__min_child_weight', 0)])",1.0,0.998,0.998,0.998,1.0,0.9987999999999999,0.0009797958971132722,2
3,0.4669786930084229,0.01886329695972027,0.02472376823425293,0.0043795498162423905,0.0001,0.05971537199910545,11,0,"OrderedDict([('model__alpha', 0.0001), ('model__eta', 0.05971537199910545), ('model__max_depth', 11), ('model__min_child_weight', 0)])",0.998,0.997,0.995,0.998,0.999,0.9974000000000001,0.0013564659966250547,20
3,0.5672850608825684,0.027063847319474935,0.024730920791625977,0.0023663772480510036,0.0013064935225036592,0.08063056360326168,12,0,"OrderedDict([('model__alpha', 0.0013064935225036592), ('model__eta', 0.08063056360326168), ('model__max_depth', 12), ('model__min_child_weight', 0)])",0.999,0.998,0.997,0.997,1.0,0.9982,0.0011661903789690613,12
3,0.29259428977966306,0.005510169421283608,0.018185806274414063,0.0010606856831065362,10.0,0.101,13,0,"OrderedDict([('model__alpha', 10.0), ('model__eta', 0.101), ('model__max_depth', 13), ('model__min_child_weight', 0)])",0.993,0.993,0.993,0.994,0.992,0.993,0.0006324555320336764,29
3,0.28091869354248045,0.009986533761212533,0.01701841354370117,0.001420290214042008,10.0,0.01,7,0,"OrderedDict([('model__alpha', 10.0), ('model__eta', 0.01), ('model__max_depth', 7), ('model__min_child_weight', 0)])",0.926,0.947,0.906,0.919,0.928,0.9252,0.013347658970770844,47
3,0.3720409870147705,0.007580389318517971,0.02531857490539551,0.0027719478732507936,0.00014097844256705697,0.05573729917379152,17,1,"OrderedDict([('model__alpha', 0.00014097844256705697), ('model__eta', 0.05573729917379152), ('model__max_depth', 17), ('model__min_child_weight', 1)])",0.999,0.996,0.994,0.995,1.0,0.9968,0.0023151673805580472,22
3,0.4320681095123291,0.018524103938703802,0.02214961051940918,0.00243356271496025,0.0001,0.07648582457253503,10,0,"OrderedDict([('model__alpha', 0.0001), ('model__eta', 0.07648582457253503), ('model__max_depth', 10), ('model__min_child_weight', 0)])",0.998,0.999,0.998,0.998,1.0,0.9986,0.0008000000000000007,3
3,0.21967463493347167,0.008118965736145288,0.01721634864807129,0.000868324204362991,0.00032637551192570507,0.09584374308952955,7,0,"OrderedDict([('model__alpha', 0.00032637551192570507), ('model__eta', 0.09584374308952955), ('model__max_depth', 7), ('model__min_child_weight', 0)])",0.998,0.997,0.996,0.996,0.998,0.9970000000000001,0.0008944271909999167,21
3,0.28062963485717773,0.008408102189762798,0.0188352108001709,0.001983517350544727,0.0001,0.101,8,0,"OrderedDict([('model__alpha', 0.0001), ('model__eta', 0.101), ('model__max_depth', 8), ('model__min_child_weight', 0)])",0.998,0.998,0.996,0.998,1.0,0.998,0.0012649110640673528,16
3,0.7415579319000244,0.01801213947507508,0.02443222999572754,0.0011317088647581045,0.0001,0.08391462530198805,18,0,"OrderedDict([('model__alpha', 0.0001), ('model__eta', 0.08391462530198805), ('model__max_depth', 18), ('model__min_child_weight', 0)])",1.0,0.997,0.997,0.998,1.0,0.9984,0.001356465996625055,8
3,0.3084879875183105,0.009169893413847052,0.018250751495361327,0.0017953459565635517,0.00019312233826242436,0.0118975858611223,10,1,"OrderedDict([('model__alpha', 0.00019312233826242436), ('model__eta', 0.0118975858611223), ('model__max_depth', 10), ('model__min_child_weight', 1)])",0.985,0.978,0.977,0.962,0.984,0.9772000000000001,0.00823164625090268,40
3,0.7109703063964844,0.01451689737633685,0.025020933151245116,0.0012865960752488242,0.0069430346641835144,0.08332420536637328,16,0,"OrderedDict([('model__alpha', 0.0069430346641835144), ('model__eta', 0.08332420536637328), ('model__max_depth', 16), ('model__min_child_weight', 0)])",0.999,0.997,0.997,0.998,1.0,0.9982,0.0011661903789690613,12
3,0.7451871395111084,0.030145122843730884,0.027739810943603515,0.0037582457985134233,0.040631416807673425,0.101,17,0,"OrderedDict([('model__alpha', 0.040631416807673425), ('model__eta', 0.101), ('model__max_depth', 17), ('model__min_child_weight', 0)])",1.0,0.998,0.996,0.998,1.0,0.9984,0.0014966629547095778,8
3,0.2295909881591797,0.011556284681737618,0.0201998233795166,0.0022928134274817712,0.000163243852333413,0.010769024834746234,17,15,"OrderedDict([('model__alpha', 0.000163243852333413), ('model__eta', 0.010769024834746234), ('model__max_depth', 17), ('model__min_child_weight', 15)])",0.915,0.954,0.96,0.935,0.918,0.9363999999999999,0.018249383551232595,46
3,0.17776174545288087,0.011726967044375477,0.019965171813964844,0.0013751379067891741,0.0001,0.101,19,11,"OrderedDict([('model__alpha', 0.0001), ('model__eta', 0.101), ('model__max_depth', 19), ('model__min_child_weight', 11)])",0.993,0.993,0.991,0.994,0.996,0.9934000000000001,0.0016248076809271934,28
3,0.1572288990020752,0.007540605109486196,0.01822371482849121,0.0013719619621307129,0.0001,0.101,15,19,"OrderedDict([('model__alpha', 0.0001), ('model__eta', 0.101), ('model__max_depth', 15), ('model__min_child_weight', 19)])",0.99,0.989,0.985,0.987,0.99,0.9882,0.0019390719429665335,35
3,0.1671381950378418,0.004576519138289022,0.020085668563842772,0.002195327746769782,0.5675873962204833,0.10078863042593565,13,15,"OrderedDict([('model__alpha', 0.5675873962204833), ('model__eta', 0.10078863042593565), ('model__max_depth', 13), ('model__min_child_weight', 15)])",0.992,0.993,0.991,0.99,0.991,0.9914,0.001019803902718558,30
3,0.221665620803833,0.01047740032094898,0.02382936477661133,0.0037671690757853653,0.008231379040452779,0.101,16,9,"OrderedDict([('model__alpha', 0.008231379040452779), ('model__eta', 0.101), ('model__max_depth', 16), ('model__min_child_weight', 9)])",0.995,0.994,0.996,0.994,0.996,0.9949999999999999,0.0008944271909999167,25
3,0.31339378356933595,0.00878730134959327,0.017698144912719725,0.0019013452082596964,10.0,0.101,19,0,"OrderedDict([('model__alpha', 10.0), ('model__eta', 0.101), ('model__max_depth', 19), ('model__min_child_weight', 0)])",0.996,0.994,0.992,0.994,0.993,0.9938,0.001326649916142161,27
3,0.6037506580352783,0.02592208332504554,0.023523664474487303,0.0010348187317338951,0.0001,0.05266766230979448,14,0,"OrderedDict([('model__alpha', 0.0001), ('model__eta', 0.05266766230979448), ('model__max_depth', 14), ('model__min_child_weight', 0)])",1.0,0.998,0.998,0.997,1.0,0.9986,0.001200000000000001,3
3,0.6566851139068604,0.0169667009153069,0.025497865676879884,0.0013738605225703522,0.0001,0.0651315879395035,15,0,"OrderedDict([('model__alpha', 0.0001), ('model__eta', 0.0651315879395035), ('model__max_depth', 15), ('model__min_child_weight', 0)])",0.999,0.997,0.998,0.998,1.0,0.9984,0.0010198039027185578,8
3,0.2677922248840332,0.013278236957752026,0.018714380264282227,0.00045758928016934687,0.0001,0.07997148514538756,8,0,"OrderedDict([('model__alpha', 0.0001), ('model__eta', 0.07997148514538756), ('model__max_depth', 8), ('model__min_child_weight', 0)])",0.997,0.998,0.997,0.997,1.0,0.9978,0.0011661903789690613,19
3,0.1521158218383789,0.007618081772992122,0.015013694763183594,0.0011427697817183694,0.0001,0.01,7,19,"OrderedDict([('model__alpha', 0.0001), ('model__eta', 0.01), ('model__max_depth', 7), ('model__min_child_weight', 19)])",0.862,0.898,0.873,0.876,0.864,0.8746,0.012831211945876364,50
3,0.6538060665130615,0.022211920763161204,0.023677921295166014,0.00372309567344181,0.1682583306765529,0.04597853099270806,13,0,"OrderedDict([('model__alpha', 0.1682583306765529), ('model__eta', 0.04597853099270806), ('model__max_depth', 13), ('model__min_child_weight', 0)])",0.999,0.996,0.997,0.998,1.0,0.998,0.0014142135623730963,16
3,0.471877384185791,0.017295563107980725,0.024391603469848634,0.0019365641300772049,1.6756073992738127,0.06574291113547184,10,0,"OrderedDict([('model__alpha', 1.6756073992738127), ('model__eta', 0.06574291113547184), ('model__max_depth', 10), ('model__min_child_weight', 0)])",0.999,0.998,0.997,0.998,1.0,0.9984,0.001019803902718558,8
